Date,Nifty
03-01-2000,1592.2
04-01-2000,1638.7
05-01-2000,1595.8
06-01-2000,1617.6
07-01-2000,1613.3
10-01-2000,1632.95
11-01-2000,1572.5
12-01-2000,1624.8
13-01-2000,1621.4
14-01-2000,1622.75
17-01-2000,1611.6
18-01-2000,1606.7
19-01-2000,1634.85
20-01-2000,1601.1
21-01-2000,1620.6
24-01-2000,1613.6
25-01-2000,1586.4
27-01-2000,1603.9
28-01-2000,1599.1
31-01-2000,1546.2
01-02-2000,1549.5
02-02-2000,1588
03-02-2000,1597.9
04-02-2000,1599.75
07-02-2000,1636.6
08-02-2000,1662.75
09-02-2000,1689.65
10-02-2000,1711.2
11-02-2000,1756
14-02-2000,1744.5
15-02-2000,1702.55
16-02-2000,1711.1
17-02-2000,1742.1
18-02-2000,1717.8
21-02-2000,1753.5
22-02-2000,1739.05
23-02-2000,1696.4
24-02-2000,1732
25-02-2000,1710.45
28-02-2000,1722.55
29-02-2000,1654.8
01-03-2000,1712.7
02-03-2000,1696.55
03-03-2000,1656
06-03-2000,1688.5
07-03-2000,1702.75
08-03-2000,1666.35
09-03-2000,1646.25
10-03-2000,1602.75
13-03-2000,1560.7
14-03-2000,1567.05
15-03-2000,1620.1
16-03-2000,1562.2
21-03-2000,1556.6
22-03-2000,1589.6
23-03-2000,1553.4
24-03-2000,1569.55
27-03-2000,1562.95
28-03-2000,1568.6
29-03-2000,1558.25
30-03-2000,1549.5
31-03-2000,1528.45
03-04-2000,1534.75
04-04-2000,1428.1
05-04-2000,1434.65
06-04-2000,1452.95
07-04-2000,1557.15
10-04-2000,1613
11-04-2000,1624.65
12-04-2000,1592.7
13-04-2000,1518.65
17-04-2000,1443.55
18-04-2000,1414.8
19-04-2000,1404.95
20-04-2000,1415.65
24-04-2000,1388
25-04-2000,1359.45
26-04-2000,1436.1
27-04-2000,1416.9
28-04-2000,1406.55
02-05-2000,1333.45
03-05-2000,1316.05
04-05-2000,1380.55
05-05-2000,1422.4
08-05-2000,1365.05
09-05-2000,1378.55
10-05-2000,1363.15
11-05-2000,1304.55
12-05-2000,1282.8
15-05-2000,1299.25
16-05-2000,1306.85
17-05-2000,1311.65
18-05-2000,1293.4
19-05-2000,1268
22-05-2000,1233
23-05-2000,1224.4
24-05-2000,1235.9
25-05-2000,1247.65
26-05-2000,1275.35
29-05-2000,1311.05
30-05-2000,1344.85
31-05-2000,1380.45
01-06-2000,1349
02-06-2000,1389.25
05-06-2000,1404.6
06-06-2000,1421.75
07-06-2000,1430.35
08-06-2000,1463.65
09-06-2000,1467.2
12-06-2000,1440.4
13-06-2000,1432.9
14-06-2000,1435.5
15-06-2000,1445.25
16-06-2000,1477.3
19-06-2000,1498.75
20-06-2000,1507.1
21-06-2000,1475.15
22-06-2000,1488.25
23-06-2000,1472.2
26-06-2000,1451.65
27-06-2000,1454.3
28-06-2000,1470
29-06-2000,1492.35
30-06-2000,1471.45
03-07-2000,1495.25
04-07-2000,1511.3
05-07-2000,1526.05
06-07-2000,1516.8
07-07-2000,1517.6
10-07-2000,1509.65
11-07-2000,1518.55
12-07-2000,1533.35
13-07-2000,1522.6
14-07-2000,1509.75
17-07-2000,1479.65
18-07-2000,1463.1
19-07-2000,1435.8
20-07-2000,1424.2
21-07-2000,1397.25
24-07-2000,1317.75
25-07-2000,1348.9
26-07-2000,1318.25
27-07-2000,1338.05
28-07-2000,1333.8
31-07-2000,1332.85
01-08-2000,1326.85
02-08-2000,1331.9
03-08-2000,1321.25
04-08-2000,1318.55
07-08-2000,1310.8
08-08-2000,1345.6
09-08-2000,1344.95
10-08-2000,1328
11-08-2000,1310.75
14-08-2000,1317.9
16-08-2000,1351.45
17-08-2000,1341.4
18-08-2000,1358.05
21-08-2000,1370.25
22-08-2000,1381.2
23-08-2000,1386.05
24-08-2000,1386.95
25-08-2000,1381.25
28-08-2000,1369.85
29-08-2000,1367.7
30-08-2000,1375.95
31-08-2000,1394.1
04-09-2000,1427.75
05-09-2000,1428.25
06-09-2000,1435.35
07-09-2000,1439.75
08-09-2000,1450.05
11-09-2000,1456.35
12-09-2000,1467.65
13-09-2000,1456.15
14-09-2000,1445.3
15-09-2000,1417.2
18-09-2000,1354.35
19-09-2000,1317
20-09-2000,1342.9
21-09-2000,1329.85
22-09-2000,1266.45
25-09-2000,1292.55
26-09-2000,1267.9
27-09-2000,1292.55
28-09-2000,1266.4
29-09-2000,1271.65
03-10-2000,1282
04-10-2000,1297.8
05-10-2000,1284.75
06-10-2000,1285
09-10-2000,1267.3
10-10-2000,1238.95
11-10-2000,1201.9
12-10-2000,1206.25
13-10-2000,1176.75
16-10-2000,1175.45
17-10-2000,1158.05
18-10-2000,1136
19-10-2000,1166.15
20-10-2000,1172
23-10-2000,1143.95
24-10-2000,1152.45
25-10-2000,1183.9
26-10-2000,1186.3
27-10-2000,1178.7
30-10-2000,1167.15
31-10-2000,1172.75
01-11-2000,1200.8
02-11-2000,1224.85
03-11-2000,1242.05
06-11-2000,1240.25
07-11-2000,1246.75
08-11-2000,1266.8
09-11-2000,1269.95
10-11-2000,1239.55
13-11-2000,1208.05
14-11-2000,1242.85
15-11-2000,1247.05
16-11-2000,1233.25
17-11-2000,1236
20-11-2000,1237.6
21-11-2000,1235
22-11-2000,1222.35
23-11-2000,1216
24-11-2000,1225.2
27-11-2000,1252.9
28-11-2000,1272.75
29-11-2000,1264.75
30-11-2000,1268.15
01-12-2000,1276.2
04-12-2000,1275.6
05-12-2000,1284.65
06-12-2000,1298.55
07-12-2000,1302.5
08-12-2000,1313.7
11-12-2000,1332.15
12-12-2000,1333.35
13-12-2000,1354.3
14-12-2000,1349.35
15-12-2000,1312.6
18-12-2000,1317.6
19-12-2000,1310.5
20-12-2000,1295.25
21-12-2000,1277.4
22-12-2000,1242
26-12-2000,1212
27-12-2000,1228.3
28-12-2000,1248.95
29-12-2000,1263.55
01-01-2001,1254.3
02-01-2001,1271.8
03-01-2001,1291.25
04-01-2001,1307.65
05-01-2001,1327.25
08-01-2001,1309.25
09-01-2001,1311.65
10-01-2001,1287.3
11-01-2001,1280.4
12-01-2001,1286.75
15-01-2001,1286.75
16-01-2001,1293.05
17-01-2001,1297.9
18-01-2001,1305.95
19-01-2001,1329.1
22-01-2001,1348
23-01-2001,1355.2
24-01-2001,1365.95
25-01-2001,1370.1
29-01-2001,1342.05
30-01-2001,1379.7
31-01-2001,1371.7
01-02-2001,1359.15
02-02-2001,1378.85
05-02-2001,1382.6
06-02-2001,1387.1
07-02-2001,1370.8
08-02-2001,1395.5
09-02-2001,1405.7
12-02-2001,1402.2
13-02-2001,1391.2
14-02-2001,1393.35
15-02-2001,1416.7
16-02-2001,1381.35
19-02-2001,1384.8
20-02-2001,1383.85
21-02-2001,1370.1
22-02-2001,1355.1
23-02-2001,1320.45
26-02-2001,1312.4
27-02-2001,1295.55
28-02-2001,1351.4
01-03-2001,1358.05
02-03-2001,1306.35
05-03-2001,1271.45
07-03-2001,1290.5
08-03-2001,1292.85
09-03-2001,1254.75
12-03-2001,1197.95
13-03-2001,1124.7
14-03-2001,1194.2
15-03-2001,1217.15
16-03-2001,1193.55
19-03-2001,1186.7
20-03-2001,1170.95
21-03-2001,1207.1
22-03-2001,1187.55
23-03-2001,1161.3
26-03-2001,1161.5
27-03-2001,1177.75
28-03-2001,1206.2
29-03-2001,1195.1
30-03-2001,1148.2
02-04-2001,1138.1
03-04-2001,1149.25
04-04-2001,1136.65
06-04-2001,1139.6
09-04-2001,1128.35
10-04-2001,1103.05
11-04-2001,1066.8
12-04-2001,1024.9
16-04-2001,1044.6
17-04-2001,1067
18-04-2001,1103.4
19-04-2001,1144.45
20-04-2001,1144
23-04-2001,1149.75
24-04-2001,1146.3
25-04-2001,1155.35
26-04-2001,1143.75
27-04-2001,1101.3
30-04-2001,1125.25
02-05-2001,1137.2
03-05-2001,1122.05
04-05-2001,1130.05
07-05-2001,1139.2
08-05-2001,1148.95
09-05-2001,1149.25
10-05-2001,1144.95
11-05-2001,1140.5
14-05-2001,1140.8
15-05-2001,1145.3
16-05-2001,1151.15
17-05-2001,1174.95
18-05-2001,1172.8
21-05-2001,1169.45
22-05-2001,1168.1
23-05-2001,1179.1
24-05-2001,1181.85
25-05-2001,1174.9
28-05-2001,1193.2
29-05-2001,1198.45
30-05-2001,1177.55
31-05-2001,1167.9
01-06-2001,1148.05
04-06-2001,1127.2
05-06-2001,1115.6
06-06-2001,1115.7
07-06-2001,1112.35
08-06-2001,1126.6
11-06-2001,1131.1
12-06-2001,1127.15
13-06-2001,1129
14-06-2001,1112.75
15-06-2001,1087.75
18-06-2001,1078.3
19-06-2001,1096.65
20-06-2001,1097.6
21-06-2001,1095.2
22-06-2001,1087.65
25-06-2001,1067
26-06-2001,1096.6
27-06-2001,1096.1
28-06-2001,1094
29-06-2001,1107.9
02-07-2001,1100.75
03-07-2001,1069.8
04-07-2001,1067.95
05-07-2001,1069.75
06-07-2001,1065.1
09-07-2001,1059.5
10-07-2001,1072.05
11-07-2001,1083.65
12-07-2001,1105.5
13-07-2001,1110.45
16-07-2001,1105.55
17-07-2001,1103.1
18-07-2001,1091.95
19-07-2001,1085.9
20-07-2001,1077.7
23-07-2001,1070.65
24-07-2001,1072.55
25-07-2001,1064.2
26-07-2001,1053.4
27-07-2001,1051.7
30-07-2001,1061.45
31-07-2001,1072.85
01-08-2001,1063.15
02-08-2001,1066
03-08-2001,1074.6
06-08-2001,1075.25
07-08-2001,1072.1
08-08-2001,1068
09-08-2001,1070.65
10-08-2001,1071.15
13-08-2001,1063
14-08-2001,1075.5
16-08-2001,1078.95
17-08-2001,1069.2
20-08-2001,1063.75
21-08-2001,1068.7
23-08-2001,1071.5
24-08-2001,1069.15
27-08-2001,1072.55
28-08-2001,1070.65
29-08-2001,1067.45
30-08-2001,1064.15
31-08-2001,1053.75
03-09-2001,1048.05
04-09-2001,1048.2
05-09-2001,1045
06-09-2001,1036.1
07-09-2001,1035.2
10-09-2001,1033.4
11-09-2001,1023.4
12-09-2001,982.2
13-09-2001,971.7
14-09-2001,919.7
17-09-2001,872.25
18-09-2001,900.2
19-09-2001,912.2
20-09-2001,898.8
21-09-2001,854.2
24-09-2001,869.05
25-09-2001,861.4
26-09-2001,873.7
27-09-2001,890
28-09-2001,913.85
01-10-2001,910.1
03-10-2001,899.65
04-10-2001,911.65
05-10-2001,914.6
08-10-2001,901.95
09-10-2001,912.7
10-10-2001,940.35
11-10-2001,954.9
12-10-2001,960.4
15-10-2001,963.4
16-10-2001,971.25
17-10-2001,986.25
18-10-2001,972.05
19-10-2001,976.65
22-10-2001,976.4
23-10-2001,993.2
24-10-2001,991.2
25-10-2001,983.2
29-10-2001,977.45
30-10-2001,963.1
31-10-2001,971.9
01-11-2001,994
02-11-2001,997.6
05-11-2001,991.05
06-11-2001,1001.9
07-11-2001,987.5
08-11-2001,997.7
09-11-2001,1004.05
12-11-2001,1010.9
13-11-2001,1005.4
14-11-2001,1015.8
15-11-2001,1035.7
19-11-2001,1068.15
20-11-2001,1050.2
21-11-2001,1056.35
22-11-2001,1062.45
23-11-2001,1059
26-11-2001,1080.6
27-11-2001,1076.05
28-11-2001,1070.8
29-11-2001,1067.15
03-12-2001,1065.4
04-12-2001,1077.7
05-12-2001,1104.55
06-12-2001,1110.45
07-12-2001,1112.3
10-12-2001,1115.25
11-12-2001,1110.2
12-12-2001,1107.65
13-12-2001,1098.75
14-12-2001,1087.85
18-12-2001,1082.3
19-12-2001,1060.75
20-12-2001,1062
21-12-2001,1050.85
24-12-2001,1048.5
26-12-2001,1034.25
27-12-2001,1020
28-12-2001,1033.8
31-12-2001,1059.05
01-01-2002,1055.3
02-01-2002,1060.75
03-01-2002,1072.25
04-01-2002,1096.2
07-01-2002,1100.15
08-01-2002,1109.9
09-01-2002,1102.8
10-01-2002,1098.2
11-01-2002,1088.55
14-01-2002,1109.8
15-01-2002,1094.15
16-01-2002,1090.3
17-01-2002,1109.2
18-01-2002,1093.15
21-01-2002,1091.35
22-01-2002,1092.85
23-01-2002,1089.4
24-01-2002,1085.3
25-01-2002,1080.1
28-01-2002,1071.35
29-01-2002,1071.65
30-01-2002,1067.45
31-01-2002,1075.4
01-02-2002,1081.65
04-02-2002,1076.9
05-02-2002,1074.25
06-02-2002,1113.1
07-02-2002,1110.45
08-02-2002,1123.75
11-02-2002,1131.55
12-02-2002,1129.5
13-02-2002,1135.1
14-02-2002,1150
15-02-2002,1159.95
18-02-2002,1172.85
19-02-2002,1158.9
20-02-2002,1145.95
21-02-2002,1149.85
22-02-2002,1163.5
25-02-2002,1165.45
26-02-2002,1189.4
27-02-2002,1189.2
28-02-2002,1142.05
01-03-2002,1178
04-03-2002,1177.35
05-03-2002,1178.5
06-03-2002,1172.6
07-03-2002,1193.05
08-03-2002,1187.65
11-03-2002,1167.85
12-03-2002,1150.45
13-03-2002,1157.05
14-03-2002,1159.45
15-03-2002,1169.75
18-03-2002,1169.3
19-03-2002,1152.15
20-03-2002,1155.6
21-03-2002,1144.2
22-03-2002,1138.45
26-03-2002,1123.05
27-03-2002,1123.35
28-03-2002,1129.55
01-04-2002,1138.95
02-04-2002,1136.95
03-04-2002,1123.5
04-04-2002,1145.9
05-04-2002,1141.95
08-04-2002,1135.25
09-04-2002,1126.7
10-04-2002,1138.5
11-04-2002,1143.6
12-04-2002,1146.5
15-04-2002,1134.15
16-04-2002,1118.75
17-04-2002,1125.1
18-04-2002,1129
19-04-2002,1100.3
22-04-2002,1104.15
23-04-2002,1106
24-04-2002,1110.6
25-04-2002,1094.3
26-04-2002,1097.4
29-04-2002,1074.2
30-04-2002,1084.5
02-05-2002,1093.3
03-05-2002,1096.95
06-05-2002,1100.95
07-05-2002,1110.7
08-05-2002,1117.6
09-05-2002,1127.6
10-05-2002,1116.4
13-05-2002,1119.65
14-05-2002,1115.1
15-05-2002,1107.8
16-05-2002,1092.8
17-05-2002,1090.65
20-05-2002,1074.35
21-05-2002,1049.2
22-05-2002,1045.3
23-05-2002,1026.75
24-05-2002,1067
27-05-2002,1062.7
28-05-2002,1038.2
29-05-2002,1041.65
30-05-2002,1032.15
31-05-2002,1028.8
03-06-2002,1039.75
04-06-2002,1045.4
05-06-2002,1064.2
06-06-2002,1064.35
07-06-2002,1048.8
10-06-2002,1069.9
11-06-2002,1097.05
12-06-2002,1092.8
13-06-2002,1082.85
14-06-2002,1085.7
17-06-2002,1088.9
18-06-2002,1074.95
19-06-2002,1062.9
20-06-2002,1070.05
21-06-2002,1062.55
24-06-2002,1061.85
25-06-2002,1055.4
26-06-2002,1044.2
27-06-2002,1048.55
28-06-2002,1057.8
01-07-2002,1068.95
02-07-2002,1068.05
03-07-2002,1069.9
04-07-2002,1070.55
05-07-2002,1073.8
08-07-2002,1082.05
09-07-2002,1080.3
10-07-2002,1071.7
11-07-2002,1056.6
12-07-2002,1058.25
15-07-2002,1048
16-07-2002,1035.95
17-07-2002,1032.55
18-07-2002,1041.3
19-07-2002,1035.9
22-07-2002,1012
23-07-2002,1021.9
24-07-2002,1004.05
25-07-2002,1001.55
26-07-2002,973.5
29-07-2002,971.65
30-07-2002,960.65
31-07-2002,958.9
01-08-2002,957.7
02-08-2002,954.75
05-08-2002,963.25
06-08-2002,966.65
07-08-2002,969.1
08-08-2002,953.55
09-08-2002,961.95
12-08-2002,969.85
13-08-2002,976.05
14-08-2002,969.65
16-08-2002,979.25
19-08-2002,979.85
20-08-2002,988.55
21-08-2002,988.45
22-08-2002,985.7
23-08-2002,995.2
26-08-2002,998.85
27-08-2002,987.7
28-08-2002,985.7
29-08-2002,987.25
30-08-2002,1010.6
02-09-2002,1013.5
03-09-2002,1001.1
04-09-2002,1006.95
05-09-2002,1008.6
06-09-2002,995.2
09-09-2002,998.55
11-09-2002,998.85
12-09-2002,1001.65
13-09-2002,992
16-09-2002,985.75
17-09-2002,994.9
18-09-2002,983.6
19-09-2002,976.05
20-09-2002,969.6
23-09-2002,970.3
24-09-2002,966.2
25-09-2002,970.05
26-09-2002,969.9
27-09-2002,976.45
30-09-2002,963.15
01-10-2002,955.2
03-10-2002,948.2
04-10-2002,948.2
07-10-2002,954.75
08-10-2002,960.8
09-10-2002,954.75
10-10-2002,958.45
11-10-2002,971.05
14-10-2002,972.45
16-10-2002,973.6
17-10-2002,973.3
18-10-2002,971.65
21-10-2002,967.35
22-10-2002,962.5
23-10-2002,957.35
24-10-2002,946.9
25-10-2002,932.2
28-10-2002,922.7
29-10-2002,936.9
30-10-2002,937.75
31-10-2002,951.4
01-11-2002,951.45
04-11-2002,962.1
05-11-2002,962.3
07-11-2002,960.7
08-11-2002,956.95
11-11-2002,954.05
12-11-2002,959.85
13-11-2002,962.65
14-11-2002,971.9
15-11-2002,990.35
18-11-2002,996.85
20-11-2002,1001.6
21-11-2002,1008.75
22-11-2002,1020.15
25-11-2002,1026.2
26-11-2002,1036.15
27-11-2002,1031.1
28-11-2002,1049.7
29-11-2002,1050.15
02-12-2002,1067.9
03-12-2002,1055
04-12-2002,1036.4
05-12-2002,1045.95
06-12-2002,1069.8
09-12-2002,1058.65
10-12-2002,1063.7
11-12-2002,1069.75
12-12-2002,1077
13-12-2002,1086.2
16-12-2002,1078.45
17-12-2002,1073.25
18-12-2002,1077.95
19-12-2002,1076
20-12-2002,1079.3
23-12-2002,1076
24-12-2002,1085
26-12-2002,1094.8
27-12-2002,1098.4
30-12-2002,1091.95
31-12-2002,1093.5
01-01-2003,1100.15
02-01-2003,1093.05
03-01-2003,1089.6
06-01-2003,1084.35
07-01-2003,1081.8
08-01-2003,1089.35
09-01-2003,1097.35
10-01-2003,1080.25
13-01-2003,1073.75
14-01-2003,1078.95
15-01-2003,1085
16-01-2003,1088.35
17-01-2003,1086.5
20-01-2003,1076.35
21-01-2003,1077.9
22-01-2003,1082.9
23-01-2003,1070.9
24-01-2003,1056.05
27-01-2003,1037.65
28-01-2003,1046.2
29-01-2003,1037.2
30-01-2003,1034.6
31-01-2003,1041.85
03-02-2003,1055.3
04-02-2003,1054.8
05-02-2003,1047.4
06-02-2003,1063.6
07-02-2003,1057.5
10-02-2003,1048.6
11-02-2003,1048
12-02-2003,1044.45
14-02-2003,1036
17-02-2003,1058.2
18-02-2003,1059.3
19-02-2003,1064.3
20-02-2003,1065.6
21-02-2003,1066.15
24-02-2003,1070.15
25-02-2003,1055.55
26-02-2003,1049.65
27-02-2003,1052.95
28-02-2003,1063.4
03-03-2003,1058.85
04-03-2003,1046.6
05-03-2003,1040.7
06-03-2003,1031.25
07-03-2003,1017.1
10-03-2003,1006.7
11-03-2003,1014.55
12-03-2003,1001.7
13-03-2003,999.65
17-03-2003,993
19-03-2003,1003.9
20-03-2003,1025.25
21-03-2003,1030.55
24-03-2003,1013.9
25-03-2003,1011.3
26-03-2003,1013.85
27-03-2003,1002.7
28-03-2003,1000.6
31-03-2003,978.2
01-04-2003,984.3
02-04-2003,999.4
03-04-2003,1009.15
04-04-2003,1016.95
07-04-2003,1031.5
08-04-2003,1018.1
09-04-2003,1004.85
10-04-2003,962.2
11-04-2003,949.8
15-04-2003,951.2
16-04-2003,958.65
17-04-2003,940.7
21-04-2003,947.2
22-04-2003,943.5
23-04-2003,934.2
24-04-2003,929.7
25-04-2003,924.3
28-04-2003,929.5
29-04-2003,932.3
30-04-2003,934.05
02-05-2003,938.3
05-05-2003,945.4
06-05-2003,951.85
07-05-2003,950.15
08-05-2003,941.55
09-05-2003,937.85
12-05-2003,936
13-05-2003,944.2
14-05-2003,952.15
15-05-2003,959.85
16-05-2003,973.1
19-05-2003,966.55
20-05-2003,971.55
21-05-2003,968
22-05-2003,963.25
23-05-2003,967.9
26-05-2003,982.45
27-05-2003,976.85
28-05-2003,990.8
29-05-2003,1002.6
30-05-2003,1006.8
02-06-2003,1015.15
03-06-2003,1010.65
04-06-2003,1021.05
05-06-2003,1035.05
06-06-2003,1046.4
09-06-2003,1052.1
10-06-2003,1037.8
11-06-2003,1044.1
12-06-2003,1051.3
13-06-2003,1056.2
16-06-2003,1051.8
17-06-2003,1081.95
18-06-2003,1086.75
19-06-2003,1092.55
20-06-2003,1100.25
23-06-2003,1089.2
24-06-2003,1085.35
25-06-2003,1106.65
26-06-2003,1116.35
27-06-2003,1125.55
30-06-2003,1134.15
01-07-2003,1130.7
02-07-2003,1133.8
03-07-2003,1144.65
04-07-2003,1138.45
07-07-2003,1140.55
08-07-2003,1145.9
09-07-2003,1141.05
10-07-2003,1162.35
11-07-2003,1161.65
14-07-2003,1171.5
15-07-2003,1159.85
16-07-2003,1168.75
17-07-2003,1152
18-07-2003,1140
21-07-2003,1115.8
22-07-2003,1109.2
23-07-2003,1119.05
24-07-2003,1139.45
25-07-2003,1162.75
28-07-2003,1169.2
29-07-2003,1174.75
30-07-2003,1183
31-07-2003,1185.85
01-08-2003,1195.75
04-08-2003,1203.6
05-08-2003,1184.45
06-08-2003,1171.05
07-08-2003,1196.95
08-08-2003,1222.65
11-08-2003,1232.85
12-08-2003,1234.75
13-08-2003,1246.9
14-08-2003,1247.75
18-08-2003,1281.4
19-08-2003,1277.7
20-08-2003,1287.4
21-08-2003,1300.95
22-08-2003,1311.15
25-08-2003,1271.1
26-08-2003,1318.2
27-08-2003,1340.3
28-08-2003,1341.05
29-08-2003,1356.55
01-09-2003,1375.95
02-09-2003,1385.45
03-09-2003,1359.35
04-09-2003,1372.7
05-09-2003,1398.4
08-09-2003,1417.35
09-09-2003,1407.05
10-09-2003,1409.55
11-09-2003,1403.15
12-09-2003,1372.1
15-09-2003,1329.25
16-09-2003,1357.95
17-09-2003,1341.6
18-09-2003,1302.35
19-09-2003,1322.15
22-09-2003,1302.9
23-09-2003,1328.2
24-09-2003,1372.05
25-09-2003,1357.2
26-09-2003,1386.95
29-09-2003,1399.95
30-09-2003,1417.1
01-10-2003,1420.85
03-10-2003,1449.3
06-10-2003,1478.9
07-10-2003,1477.85
08-10-2003,1478.6
09-10-2003,1502.1
10-10-2003,1523.1
13-10-2003,1546.75
14-10-2003,1520.8
15-10-2003,1537
16-10-2003,1555.7
17-10-2003,1569.45
20-10-2003,1542.7
21-10-2003,1506.5
22-10-2003,1494.1
23-10-2003,1470.45
24-10-2003,1506.05
27-10-2003,1485.3
28-10-2003,1481.75
29-10-2003,1498.45
30-10-2003,1516.85
31-10-2003,1555.9
03-11-2003,1601.65
04-11-2003,1618.7
05-11-2003,1609.15
06-11-2003,1612.2
07-11-2003,1592.05
10-11-2003,1594.5
11-11-2003,1601.15
12-11-2003,1603.8
13-11-2003,1579.95
14-11-2003,1550.45
17-11-2003,1579.9
18-11-2003,1564.4
19-11-2003,1540.6
20-11-2003,1522.3
21-11-2003,1540.7
24-11-2003,1543.9
25-11-2003,1568.65
27-11-2003,1598.35
28-11-2003,1615.25
01-12-2003,1657.65
02-12-2003,1658.5
03-12-2003,1670.5
04-12-2003,1675.2
05-12-2003,1645.8
08-12-2003,1646.25
09-12-2003,1675.85
10-12-2003,1686.9
11-12-2003,1695.4
12-12-2003,1698.9
15-12-2003,1723.95
16-12-2003,1736.25
17-12-2003,1733.25
18-12-2003,1756.1
19-12-2003,1778.55
22-12-2003,1789.15
23-12-2003,1780.3
24-12-2003,1808.7
26-12-2003,1837.05
29-12-2003,1874.05
30-12-2003,1873.25
31-12-2003,1879.75
01-01-2004,1912.25
02-01-2004,1946.05
05-01-2004,1955
06-01-2004,1926.7
07-01-2004,1916.75
08-01-2004,1968.55
09-01-2004,1971.9
12-01-2004,1945.6
13-01-2004,1963.6
14-01-2004,1982.15
15-01-2004,1944.45
16-01-2004,1900.65
19-01-2004,1935.35
20-01-2004,1893.25
21-01-2004,1824.6
22-01-2004,1770.5
23-01-2004,1847.55
27-01-2004,1904.7
28-01-2004,1863.1
29-01-2004,1843.6
30-01-2004,1809.75
03-02-2004,1769
04-02-2004,1822.2
05-02-2004,1804.5
06-02-2004,1833.65
09-02-2004,1880.7
10-02-2004,1880.75
11-02-2004,1891.5
12-02-2004,1885.3
13-02-2004,1913.6
16-02-2004,1913.55
17-02-2004,1920.1
18-02-2004,1916.45
19-02-2004,1858.3
20-02-2004,1852.65
23-02-2004,1808.2
24-02-2004,1821.35
25-02-2004,1786.8
26-02-2004,1765.8
27-02-2004,1800.3
01-03-2004,1852.7
03-03-2004,1860.4
04-03-2004,1843.85
05-03-2004,1867.7
08-03-2004,1885.25
09-03-2004,1866.05
10-03-2004,1844.35
11-03-2004,1805.4
12-03-2004,1812.2
15-03-2004,1763.4
16-03-2004,1749.35
17-03-2004,1749.85
18-03-2004,1716.65
19-03-2004,1725.1
22-03-2004,1685
23-03-2004,1696.4
24-03-2004,1692.1
25-03-2004,1704.45
26-03-2004,1747.5
29-03-2004,1762.05
30-03-2004,1750.15
31-03-2004,1771.9
01-04-2004,1819.65
02-04-2004,1841.1
05-04-2004,1856.6
06-04-2004,1851.15
07-04-2004,1848.7
08-04-2004,1853.55
12-04-2004,1838.2
13-04-2004,1878.45
15-04-2004,1861.95
16-04-2004,1868.95
19-04-2004,1844.05
20-04-2004,1844.25
21-04-2004,1873.35
22-04-2004,1889.55
23-04-2004,1892.45
27-04-2004,1817.25
28-04-2004,1816.55
29-04-2004,1808.95
30-04-2004,1796.1
03-05-2004,1766.7
04-05-2004,1793.1
05-05-2004,1809.9
06-05-2004,1832.8
07-05-2004,1804.45
10-05-2004,1769.1
11-05-2004,1699.45
12-05-2004,1711.1
13-05-2004,1717.5
14-05-2004,1582.4
17-05-2004,1388.75
18-05-2004,1503.95
19-05-2004,1567.85
20-05-2004,1543.85
21-05-2004,1560.2
24-05-2004,1608.85
25-05-2004,1606.7
26-05-2004,1598.8
27-05-2004,1586.4
28-05-2004,1508.75
31-05-2004,1483.6
01-06-2004,1507.9
02-06-2004,1535.2
03-06-2004,1495.1
04-06-2004,1521.1
07-06-2004,1542.55
08-06-2004,1550.55
09-06-2004,1548.3
10-06-2004,1544.75
11-06-2004,1508.45
14-06-2004,1481.35
15-06-2004,1501
16-06-2004,1494.75
17-06-2004,1512.05
18-06-2004,1491.2
21-06-2004,1482
22-06-2004,1474.7
23-06-2004,1446.1
24-06-2004,1470.75
25-06-2004,1488.5
28-06-2004,1514.35
29-06-2004,1518.3
30-06-2004,1505.6
01-07-2004,1537.2
02-07-2004,1537.5
05-07-2004,1526.85
06-07-2004,1558.25
07-07-2004,1566.8
08-07-2004,1518.15
09-07-2004,1553.2
12-07-2004,1556.95
13-07-2004,1539.3
14-07-2004,1522.75
15-07-2004,1539.4
16-07-2004,1558.8
19-07-2004,1571.6
20-07-2004,1566.1
21-07-2004,1581.4
22-07-2004,1598.1
23-07-2004,1601.6
26-07-2004,1618
27-07-2004,1600.75
28-07-2004,1594.15
29-07-2004,1618.7
30-07-2004,1632.3
02-08-2004,1639.05
03-08-2004,1630.6
04-08-2004,1626.55
05-08-2004,1654.95
06-08-2004,1633.4
09-08-2004,1642.6
10-08-2004,1652.15
11-08-2004,1621.6
12-08-2004,1607.2
13-08-2004,1598.2
16-08-2004,1599.15
17-08-2004,1604.35
18-08-2004,1581.8
19-08-2004,1609.2
20-08-2004,1590.35
23-08-2004,1578.2
24-08-2004,1591.6
25-08-2004,1595.7
26-08-2004,1610.75
27-08-2004,1609
30-08-2004,1628.45
31-08-2004,1631.75
01-09-2004,1635.45
02-09-2004,1629.3
03-09-2004,1634.1
06-09-2004,1644
07-09-2004,1650.15
08-09-2004,1656.25
09-09-2004,1649
10-09-2004,1668.75
13-09-2004,1675.2
14-09-2004,1685.55
15-09-2004,1683.2
16-09-2004,1705.7
17-09-2004,1733.65
20-09-2004,1728.8
21-09-2004,1750.2
22-09-2004,1753.9
23-09-2004,1726.15
24-09-2004,1722.5
27-09-2004,1717.5
28-09-2004,1700.25
29-09-2004,1727.95
30-09-2004,1745.5
01-10-2004,1775.15
04-10-2004,1805.65
05-10-2004,1812.45
06-10-2004,1794.9
07-10-2004,1815.7
08-10-2004,1820.2
11-10-2004,1807.75
12-10-2004,1786.9
14-10-2004,1794.75
15-10-2004,1795
18-10-2004,1786
19-10-2004,1808.4
20-10-2004,1790.05
21-10-2004,1779.75
25-10-2004,1757.25
26-10-2004,1781.05
27-10-2004,1783.85
28-10-2004,1800.1
29-10-2004,1786.9
01-11-2004,1797.75
02-11-2004,1813.7
03-11-2004,1837.4
04-11-2004,1834.85
05-11-2004,1852.3
08-11-2004,1862.8
09-11-2004,1858.75
10-11-2004,1876.1
11-11-2004,1870.55
12-11-2004,1872.95
16-11-2004,1879
17-11-2004,1888.65
18-11-2004,1892.05
19-11-2004,1872.35
22-11-2004,1873.35
23-11-2004,1892.6
24-11-2004,1904.05
25-11-2004,1901.05
29-11-2004,1939.65
30-11-2004,1958.8
01-12-2004,1962.05
02-12-2004,1999
03-12-2004,1996.2
06-12-2004,1993.15
07-12-2004,1992.7
08-12-2004,1977.95
09-12-2004,1989.95
10-12-2004,1969
13-12-2004,1985.35
14-12-2004,2006.8
15-12-2004,2028.7
16-12-2004,2033.2
17-12-2004,2012.1
20-12-2004,2026.85
21-12-2004,2044.65
22-12-2004,2035.35
23-12-2004,2045.15
24-12-2004,2062.7
27-12-2004,2062.6
28-12-2004,2071.35
29-12-2004,2069.6
30-12-2004,2059.8
31-12-2004,2080.5
03-01-2005,2115
04-01-2005,2103.75
05-01-2005,2032.2
06-01-2005,1998.35
07-01-2005,2015.5
10-01-2005,1982
11-01-2005,1952.05
12-01-2005,1913.6
13-01-2005,1954.55
14-01-2005,1931.1
17-01-2005,1932.9
18-01-2005,1934.05
19-01-2005,1926.65
20-01-2005,1925.3
24-01-2005,1909
25-01-2005,1931.85
27-01-2005,1955
28-01-2005,2008.3
31-01-2005,2057.6
01-02-2005,2059.85
02-02-2005,2052.25
03-02-2005,2079.45
04-02-2005,2077.95
07-02-2005,2055.1
08-02-2005,2055.15
09-02-2005,2070
10-02-2005,2063.35
11-02-2005,2082.05
14-02-2005,2098.25
15-02-2005,2089.95
16-02-2005,2068.8
17-02-2005,2061.9
18-02-2005,2055.55
21-02-2005,2043.2
22-02-2005,2058.4
23-02-2005,2057.1
24-02-2005,2055.3
25-02-2005,2060.9
28-02-2005,2103.25
01-03-2005,2084.4
02-03-2005,2093.25
03-03-2005,2128.85
04-03-2005,2148.15
07-03-2005,2160.1
08-03-2005,2168.95
09-03-2005,2160.8
10-03-2005,2167.4
11-03-2005,2154
14-03-2005,2146.35
15-03-2005,2128.95
16-03-2005,2125.55
17-03-2005,2098.5
18-03-2005,2109.15
21-03-2005,2096.6
22-03-2005,2061.6
23-03-2005,2026.4
24-03-2005,2015.4
28-03-2005,2029.45
29-03-2005,1983.85
30-03-2005,1993.7
31-03-2005,2035.65
01-04-2005,2067.65
04-04-2005,2063.4
05-04-2005,2052.55
06-04-2005,2069.3
07-04-2005,2052.85
08-04-2005,2031.2
11-04-2005,2008.2
12-04-2005,2024.95
13-04-2005,2025.45
15-04-2005,1956.3
18-04-2005,1927.8
19-04-2005,1909.4
20-04-2005,1929.7
21-04-2005,1948.55
22-04-2005,1967.35
25-04-2005,1970.95
26-04-2005,1957.1
27-04-2005,1935.4
28-04-2005,1941.3
29-04-2005,1902.5
02-05-2005,1916.75
03-05-2005,1920.7
04-05-2005,1942.6
05-05-2005,1963.3
06-05-2005,1977.5
09-05-2005,2000.75
10-05-2005,1994.3
11-05-2005,1985.95
12-05-2005,1993.15
13-05-2005,1988.3
16-05-2005,2012.6
17-05-2005,1990.8
18-05-2005,1982.75
19-05-2005,1990.85
20-05-2005,1992.4
23-05-2005,2013.9
24-05-2005,2028.6
25-05-2005,2043.85
26-05-2005,2074.7
27-05-2005,2076.4
30-05-2005,2072.4
31-05-2005,2087.55
01-06-2005,2087.55
02-06-2005,2064.65
03-06-2005,2094.25
06-06-2005,2092.8
07-06-2005,2098.15
08-06-2005,2112.4
09-06-2005,2103.2
10-06-2005,2090.6
13-06-2005,2102.75
14-06-2005,2112.35
15-06-2005,2128.65
16-06-2005,2123.7
17-06-2005,2123.4
20-06-2005,2144.35
21-06-2005,2170
22-06-2005,2187.35
23-06-2005,2183.85
24-06-2005,2194.35
27-06-2005,2199.8
28-06-2005,2169.85
29-06-2005,2191.65
30-06-2005,2220.6
01-07-2005,2211.9
04-07-2005,2230.65
05-07-2005,2210.75
06-07-2005,2228.2
07-07-2005,2179.4
08-07-2005,2196.2
11-07-2005,2218.85
12-07-2005,2220.8
13-07-2005,2204.05
14-07-2005,2185.1
15-07-2005,2212.55
18-07-2005,2234
19-07-2005,2237.3
20-07-2005,2241.9
21-07-2005,2230.5
22-07-2005,2265.6
25-07-2005,2291.75
26-07-2005,2303.15
27-07-2005,2319.1
29-07-2005,2312.3
01-08-2005,2318.05
02-08-2005,2353.65
03-08-2005,2357
04-08-2005,2367.8
05-08-2005,2361.2
08-08-2005,2324.4
09-08-2005,2318.7
10-08-2005,2360.15
11-08-2005,2380.9
12-08-2005,2361.55
16-08-2005,2369.8
17-08-2005,2403.15
18-08-2005,2388.45
19-08-2005,2383.45
22-08-2005,2367.85
23-08-2005,2326.1
24-08-2005,2322.5
25-08-2005,2354.55
26-08-2005,2357.05
29-08-2005,2337.65
30-08-2005,2367.75
31-08-2005,2384.65
01-09-2005,2405.75
02-09-2005,2415.8
05-09-2005,2422.95
06-09-2005,2428.65
08-09-2005,2454.45
09-09-2005,2455.45
12-09-2005,2484.15
13-09-2005,2500.35
14-09-2005,2492.45
15-09-2005,2523.95
16-09-2005,2552.35
19-09-2005,2567.1
20-09-2005,2578
21-09-2005,2567.3
22-09-2005,2476.5
23-09-2005,2477.75
26-09-2005,2557.35
27-09-2005,2574.85
28-09-2005,2598.05
29-09-2005,2611.2
30-09-2005,2601.4
03-10-2005,2630.05
04-10-2005,2663.35
05-10-2005,2644.4
06-10-2005,2579.15
07-10-2005,2574.05
10-10-2005,2566.85
11-10-2005,2589.55
13-10-2005,2537.3
14-10-2005,2484.4
17-10-2005,2485.15
18-10-2005,2468.2
19-10-2005,2412.45
20-10-2005,2395.45
21-10-2005,2443.75
24-10-2005,2394.85
25-10-2005,2418.2
26-10-2005,2408.5
27-10-2005,2352.9
28-10-2005,2316.05
31-10-2005,2370.95
01-11-2005,2386.75
02-11-2005,2419.05
07-11-2005,2461.6
08-11-2005,2492.65
09-11-2005,2489.1
10-11-2005,2500.7
11-11-2005,2548.65
14-11-2005,2558.7
16-11-2005,2582.75
17-11-2005,2603.95
18-11-2005,2620.05
21-11-2005,2602.5
22-11-2005,2572.85
23-11-2005,2608.6
24-11-2005,2635
25-11-2005,2664.3
28-11-2005,2712
29-11-2005,2698.3
30-11-2005,2652.25
01-12-2005,2698.95
02-12-2005,2697.95
05-12-2005,2660.5
06-12-2005,2662.3
07-12-2005,2693
08-12-2005,2706.7
09-12-2005,2756.45
12-12-2005,2776.2
13-12-2005,2812.3
14-12-2005,2804.55
15-12-2005,2778.55
16-12-2005,2810.15
19-12-2005,2842.6
20-12-2005,2826.2
21-12-2005,2822.9
22-12-2005,2835.25
23-12-2005,2804.85
26-12-2005,2749.6
27-12-2005,2805.9
28-12-2005,2794.05
29-12-2005,2821.95
30-12-2005,2836.55
02-01-2006,2835.95
03-01-2006,2883.35
04-01-2006,2904.4
05-01-2006,2899.85
06-01-2006,2914
09-01-2006,2910.1
10-01-2006,2870.8
12-01-2006,2850.7
13-01-2006,2850.55
16-01-2006,2833.1
17-01-2006,2829.1
18-01-2006,2809.2
19-01-2006,2870.85
20-01-2006,2900.95
23-01-2006,2884.05
24-01-2006,2908
25-01-2006,2940.35
27-01-2006,2982.75
30-01-2006,2974.5
31-01-2006,3001.1
01-02-2006,2971.55
02-02-2006,2967.45
03-02-2006,2940.6
06-02-2006,3000.45
07-02-2006,3020.1
08-02-2006,3008.95
10-02-2006,3027.55
13-02-2006,3041.15
14-02-2006,3017.55
15-02-2006,3022.2
16-02-2006,3021.6
17-02-2006,2981.5
20-02-2006,3005.85
21-02-2006,3035.5
22-02-2006,3050.8
23-02-2006,3062.1
24-02-2006,3050.05
27-02-2006,3067.45
28-02-2006,3074.7
01-03-2006,3123.1
02-03-2006,3150.7
03-03-2006,3147.35
06-03-2006,3190.4
07-03-2006,3182.8
08-03-2006,3116.7
09-03-2006,3129.1
10-03-2006,3183.9
13-03-2006,3202.65
14-03-2006,3195.35
16-03-2006,3226.6
17-03-2006,3234.05
20-03-2006,3265.65
21-03-2006,3262.3
22-03-2006,3240.15
23-03-2006,3247.15
24-03-2006,3279.8
27-03-2006,3321.65
28-03-2006,3325
29-03-2006,3354.2
30-03-2006,3418.95
31-03-2006,3402.55
03-04-2006,3473.3
04-04-2006,3483.15
05-04-2006,3510.9
07-04-2006,3454.8
10-04-2006,3478.45
12-04-2006,3380
13-04-2006,3345.5
17-04-2006,3425.15
18-04-2006,3518.1
19-04-2006,3535.85
20-04-2006,3573.5
21-04-2006,3573.05
24-04-2006,3548.9
25-04-2006,3462.65
26-04-2006,3555.75
27-04-2006,3508.1
28-04-2006,3508.35
02-05-2006,3605.45
03-05-2006,3634.25
04-05-2006,3648.4
05-05-2006,3663.95
08-05-2006,3693.15
09-05-2006,3720.55
10-05-2006,3754.25
11-05-2006,3701.05
12-05-2006,3650.05
15-05-2006,3502.95
16-05-2006,3523.3
17-05-2006,3635.1
18-05-2006,3388.9
19-05-2006,3246.9
22-05-2006,3081.35
23-05-2006,3199.35
24-05-2006,3115.55
25-05-2006,3177.7
26-05-2006,3209.6
29-05-2006,3214.9
30-05-2006,3185.3
31-05-2006,3071.05
01-06-2006,2962.25
02-06-2006,3091.35
05-06-2006,3016.65
06-06-2006,2937.3
07-06-2006,2860.45
08-06-2006,2724.35
09-06-2006,2866.3
12-06-2006,2776.85
13-06-2006,2663.3
14-06-2006,2632.8
15-06-2006,2798.8
16-06-2006,2890.35
19-06-2006,2916.9
20-06-2006,2861.3
21-06-2006,2923.45
22-06-2006,2994.75
23-06-2006,3042.7
26-06-2006,2943.2
27-06-2006,2982.45
28-06-2006,2981.1
29-06-2006,2997.9
30-06-2006,3128.2
03-07-2006,3150.95
04-07-2006,3138.65
05-07-2006,3197.1
06-07-2006,3156.4
07-07-2006,3075.85
10-07-2006,3142
11-07-2006,3116.15
12-07-2006,3195.9
13-07-2006,3169.3
14-07-2006,3123.35
17-07-2006,3007.55
18-07-2006,2993.65
19-07-2006,2932.75
20-07-2006,3023.05
21-07-2006,2945
24-07-2006,2985.85
25-07-2006,3040.5
26-07-2006,3110.15
27-07-2006,3156.15
28-07-2006,3130.8
31-07-2006,3143.2
01-08-2006,3147.8
02-08-2006,3182.1
03-08-2006,3190
04-08-2006,3176.75
07-08-2006,3151.1
09-08-2006,3254.6
10-08-2006,3260.1
11-08-2006,3274.35
14-08-2006,3313.1
16-08-2006,3356.05
17-08-2006,3353.9
18-08-2006,3356.75
21-08-2006,3366
22-08-2006,3364.6
23-08-2006,3335.8
24-08-2006,3370.4
25-08-2006,3385.95
28-08-2006,3401.1
29-08-2006,3425.7
30-08-2006,3430.35
31-08-2006,3413.9
01-09-2006,3435.45
04-09-2006,3476.85
05-09-2006,3473.75
06-09-2006,3477.25
07-09-2006,3454.55
08-09-2006,3471.45
11-09-2006,3366.15
12-09-2006,3389.9
13-09-2006,3454.55
14-09-2006,3471.6
15-09-2006,3478.6
18-09-2006,3492.75
19-09-2006,3457.35
20-09-2006,3502.8
21-09-2006,3553.05
22-09-2006,3544.05
25-09-2006,3523.45
26-09-2006,3571.75
27-09-2006,3579.3
28-09-2006,3571.75
29-09-2006,3588.4
03-10-2006,3569.6
04-10-2006,3515.35
05-10-2006,3564.9
06-10-2006,3569.7
09-10-2006,3567.15
10-10-2006,3571.05
11-10-2006,3558.55
12-10-2006,3621.05
13-10-2006,3676.05
16-10-2006,3723.95
17-10-2006,3715
18-10-2006,3710.65
19-10-2006,3677.8
20-10-2006,3676.85
23-10-2006,3657.3
26-10-2006,3677.55
27-10-2006,3739.35
30-10-2006,3769.1
31-10-2006,3744.1
01-11-2006,3767.05
02-11-2006,3791.2
03-11-2006,3805.35
06-11-2006,3809.25
07-11-2006,3798.75
08-11-2006,3777.3
09-11-2006,3796.4
10-11-2006,3834.75
13-11-2006,3858.75
14-11-2006,3865.9
15-11-2006,3876.3
16-11-2006,3876.85
17-11-2006,3852.8
20-11-2006,3856.15
21-11-2006,3918.25
22-11-2006,3954.75
23-11-2006,3945.45
24-11-2006,3950.85
27-11-2006,3968.9
28-11-2006,3921.75
29-11-2006,3928.2
30-11-2006,3954.5
01-12-2006,3997.6
04-12-2006,4001
05-12-2006,4015.75
06-12-2006,4015.95
07-12-2006,4015.35
08-12-2006,3962
11-12-2006,3849.5
12-12-2006,3716.9
13-12-2006,3765.2
14-12-2006,3843.05
15-12-2006,3888.65
18-12-2006,3928.75
19-12-2006,3832
20-12-2006,3815.55
21-12-2006,3833.5
22-12-2006,3871.15
26-12-2006,3940.5
27-12-2006,3974.25
28-12-2006,3970.55
29-12-2006,3966.4
02-01-2007,4007.4
03-01-2007,4024.05
04-01-2007,3988.8
05-01-2007,3983.4
08-01-2007,3933.4
09-01-2007,3911.4
10-01-2007,3850.3
11-01-2007,3942.25
12-01-2007,4052.45
15-01-2007,4078.4
16-01-2007,4080.5
17-01-2007,4076.45
18-01-2007,4109.05
19-01-2007,4090.15
22-01-2007,4102.45
23-01-2007,4066.1
24-01-2007,4089.9
25-01-2007,4147.7
29-01-2007,4124.45
31-01-2007,4082.7
01-02-2007,4137.2
02-02-2007,4183.5
05-02-2007,4215.35
06-02-2007,4195.9
07-02-2007,4224.25
08-02-2007,4223.4
09-02-2007,4187.4
12-02-2007,4058.3
13-02-2007,4044.55
14-02-2007,4047.1
15-02-2007,4146.2
19-02-2007,4164.55
20-02-2007,4106.95
21-02-2007,4096.2
22-02-2007,4040
23-02-2007,3938.95
26-02-2007,3942
27-02-2007,3893.9
28-02-2007,3745.3
01-03-2007,3811.2
02-03-2007,3726.75
05-03-2007,3576.5
06-03-2007,3655.65
07-03-2007,3626.85
08-03-2007,3761.65
09-03-2007,3718
12-03-2007,3734.6
13-03-2007,3770.55
14-03-2007,3641.1
15-03-2007,3643.6
16-03-2007,3608.55
19-03-2007,3678.9
20-03-2007,3697.6
21-03-2007,3764.55
22-03-2007,3875.9
23-03-2007,3861.05
26-03-2007,3819.95
28-03-2007,3761.1
29-03-2007,3798.1
30-03-2007,3821.55
02-04-2007,3633.6
03-04-2007,3690.65
04-04-2007,3733.25
05-04-2007,3752
09-04-2007,3843.5
10-04-2007,3848.15
11-04-2007,3862.65
12-04-2007,3829.85
13-04-2007,3917.35
16-04-2007,4013.35
17-04-2007,3984.95
18-04-2007,4011.6
19-04-2007,3997.65
20-04-2007,4083.55
23-04-2007,4085.1
24-04-2007,4141.8
25-04-2007,4167.3
26-04-2007,4177.85
27-04-2007,4083.5
30-04-2007,4087.9
03-05-2007,4150.85
04-05-2007,4117.35
07-05-2007,4111.15
08-05-2007,4077
09-05-2007,4079.3
10-05-2007,4066.8
11-05-2007,4076.65
14-05-2007,4134.3
15-05-2007,4120.3
16-05-2007,4170.95
17-05-2007,4219.55
18-05-2007,4214.5
21-05-2007,4260.9
22-05-2007,4278.1
23-05-2007,4246.2
24-05-2007,4204.9
25-05-2007,4248.15
28-05-2007,4256.55
29-05-2007,4293.25
30-05-2007,4249.65
31-05-2007,4295.8
01-06-2007,4297.05
04-06-2007,4267.05
05-06-2007,4284.65
06-06-2007,4198.25
07-06-2007,4179.5
08-06-2007,4145
11-06-2007,4145.6
12-06-2007,4155.2
13-06-2007,4113.05
14-06-2007,4170
15-06-2007,4171.45
18-06-2007,4147.1
19-06-2007,4214.3
20-06-2007,4248.65
21-06-2007,4267.4
22-06-2007,4252.05
25-06-2007,4259.4
26-06-2007,4285.7
27-06-2007,4263.95
28-06-2007,4282
29-06-2007,4318.3
02-07-2007,4313.75
03-07-2007,4357.55
04-07-2007,4359.3
05-07-2007,4353.95
06-07-2007,4384.85
09-07-2007,4419.4
10-07-2007,4406.05
11-07-2007,4387.15
12-07-2007,4446.15
13-07-2007,4504.55
16-07-2007,4512.15
17-07-2007,4496.75
18-07-2007,4499.55
19-07-2007,4562.1
20-07-2007,4566.05
23-07-2007,4619.35
24-07-2007,4620.75
25-07-2007,4588.7
26-07-2007,4619.8
27-07-2007,4445.2
30-07-2007,4440.05
31-07-2007,4528.85
01-08-2007,4345.85
02-08-2007,4356.35
03-08-2007,4401.55
06-08-2007,4339.5
07-08-2007,4356.35
08-08-2007,4462.1
09-08-2007,4403.2
10-08-2007,4333.35
13-08-2007,4373.65
14-08-2007,4370.2
16-08-2007,4178.6
17-08-2007,4108.05
20-08-2007,4209.05
21-08-2007,4074.9
22-08-2007,4153.15
23-08-2007,4114.95
24-08-2007,4190.15
27-08-2007,4302.6
28-08-2007,4320.7
29-08-2007,4359.3
30-08-2007,4412.3
31-08-2007,4464
03-09-2007,4474.75
04-09-2007,4479.25
05-09-2007,4475.85
06-09-2007,4518.6
07-09-2007,4509.5
10-09-2007,4507.85
11-09-2007,4497.05
12-09-2007,4496.85
13-09-2007,4528.95
14-09-2007,4518
17-09-2007,4494.65
18-09-2007,4546.2
19-09-2007,4732.35
20-09-2007,4747.55
21-09-2007,4837.55
24-09-2007,4932.2
25-09-2007,4938.85
26-09-2007,4940.5
27-09-2007,5000.55
28-09-2007,5021.35
01-10-2007,5068.95
03-10-2007,5210.8
04-10-2007,5208.65
05-10-2007,5185.85
08-10-2007,5085.1
09-10-2007,5327.25
10-10-2007,5441.45
11-10-2007,5524.85
12-10-2007,5428.25
15-10-2007,5670.4
16-10-2007,5668.05
17-10-2007,5559.3
18-10-2007,5351
19-10-2007,5215.3
22-10-2007,5184
23-10-2007,5473.7
24-10-2007,5496.15
25-10-2007,5568.95
26-10-2007,5702.3
29-10-2007,5905.9
30-10-2007,5868.75
31-10-2007,5900.65
01-11-2007,5866.45
02-11-2007,5932.4
05-11-2007,5847.3
06-11-2007,5786.5
07-11-2007,5782.35
08-11-2007,5698.75
09-11-2007,5663.25
12-11-2007,5617.1
13-11-2007,5695.4
14-11-2007,5937.9
15-11-2007,5912.1
16-11-2007,5906.85
19-11-2007,5907.65
20-11-2007,5780.9
21-11-2007,5561.05
22-11-2007,5519.35
23-11-2007,5608.6
26-11-2007,5731.7
27-11-2007,5698.15
28-11-2007,5617.55
29-11-2007,5634.6
30-11-2007,5762.75
03-12-2007,5865
04-12-2007,5858.35
05-12-2007,5940
06-12-2007,5954.7
07-12-2007,5974.3
10-12-2007,5960.6
11-12-2007,6097.25
12-12-2007,6159.3
13-12-2007,6058.1
14-12-2007,6047.7
17-12-2007,5777
18-12-2007,5742.3
19-12-2007,5751.15
20-12-2007,5766.5
24-12-2007,5985.1
26-12-2007,6070.75
27-12-2007,6081.5
28-12-2007,6079.7
31-12-2007,6138.6
01-01-2008,6144.35
02-01-2008,6179.4
03-01-2008,6178.55
04-01-2008,6274.3
07-01-2008,6279.1
08-01-2008,6287.85
09-01-2008,6272
10-01-2008,6156.95
11-01-2008,6200.1
14-01-2008,6206.8
15-01-2008,6074.25
16-01-2008,5935.75
17-01-2008,5913.2
18-01-2008,5705.3
21-01-2008,5208.8
22-01-2008,4899.3
23-01-2008,5203.4
24-01-2008,5033.45
25-01-2008,5383.35
28-01-2008,5274.1
29-01-2008,5280.8
30-01-2008,5167.6
31-01-2008,5137.45
01-02-2008,5317.25
04-02-2008,5463.5
05-02-2008,5483.9
06-02-2008,5322.55
07-02-2008,5133.25
08-02-2008,5120.35
11-02-2008,4857
12-02-2008,4838.25
13-02-2008,4929.45
14-02-2008,5202
15-02-2008,5302.9
18-02-2008,5276.9
19-02-2008,5280.8
20-02-2008,5154.45
21-02-2008,5191.8
22-02-2008,5110.75
25-02-2008,5200.7
26-02-2008,5270.05
27-02-2008,5268.4
28-02-2008,5285.1
29-02-2008,5223.5
03-03-2008,4953
04-03-2008,4864.25
05-03-2008,4921.4
07-03-2008,4771.6
10-03-2008,4800.4
11-03-2008,4865.9
12-03-2008,4872
13-03-2008,4623.6
14-03-2008,4745.8
17-03-2008,4503.1
18-03-2008,4533
19-03-2008,4573.95
24-03-2008,4609.85
25-03-2008,4877.5
26-03-2008,4828.85
27-03-2008,4830.25
28-03-2008,4942
31-03-2008,4734.5
01-04-2008,4739.55
02-04-2008,4754.2
03-04-2008,4771.6
04-04-2008,4647
07-04-2008,4761.2
08-04-2008,4709.65
09-04-2008,4747.05
10-04-2008,4733
11-04-2008,4777.8
15-04-2008,4879.65
16-04-2008,4887.3
17-04-2008,4958.4
21-04-2008,5037
22-04-2008,5049.3
23-04-2008,5022.8
24-04-2008,4999.85
25-04-2008,5111.7
28-04-2008,5089.65
29-04-2008,5195.5
30-04-2008,5165.9
02-05-2008,5228.2
05-05-2008,5192.25
06-05-2008,5144.65
07-05-2008,5135.5
08-05-2008,5081.7
09-05-2008,4982.6
12-05-2008,5012.65
13-05-2008,4957.8
14-05-2008,5011.75
15-05-2008,5115.25
16-05-2008,5157.7
20-05-2008,5104.95
21-05-2008,5117.65
22-05-2008,5025.45
23-05-2008,4946.55
26-05-2008,4875.05
27-05-2008,4859.8
28-05-2008,4918.35
29-05-2008,4835.3
30-05-2008,4870.1
02-06-2008,4739.6
03-06-2008,4715.9
04-06-2008,4585.6
05-06-2008,4676.95
06-06-2008,4627.8
09-06-2008,4500.95
10-06-2008,4449.8
11-06-2008,4523.6
12-06-2008,4539.35
13-06-2008,4517.1
16-06-2008,4572.5
17-06-2008,4653
18-06-2008,4582.4
19-06-2008,4504.25
20-06-2008,4347.55
23-06-2008,4266.4
24-06-2008,4191.1
25-06-2008,4252.65
26-06-2008,4315.85
27-06-2008,4136.65
30-06-2008,4040.55
01-07-2008,3896.75
02-07-2008,4093.35
03-07-2008,3925.75
04-07-2008,4016
07-07-2008,4030
08-07-2008,3988.55
09-07-2008,4157.1
10-07-2008,4162.2
11-07-2008,4049
14-07-2008,4039.7
15-07-2008,3861.1
16-07-2008,3816.7
17-07-2008,3947.2
18-07-2008,4092.25
21-07-2008,4159.5
22-07-2008,4240.1
23-07-2008,4476.8
24-07-2008,4433.55
25-07-2008,4311.85
28-07-2008,4332.1
29-07-2008,4189.85
30-07-2008,4313.55
31-07-2008,4332.95
01-08-2008,4413.55
04-08-2008,4395.35
05-08-2008,4502.85
06-08-2008,4517.55
07-08-2008,4523.85
08-08-2008,4529.5
11-08-2008,4620.4
12-08-2008,4552.25
13-08-2008,4529.05
14-08-2008,4430.7
18-08-2008,4393.05
19-08-2008,4368.25
20-08-2008,4415.75
21-08-2008,4283.85
22-08-2008,4327.45
25-08-2008,4335.35
26-08-2008,4337.5
27-08-2008,4292.1
28-08-2008,4214
29-08-2008,4360
01-09-2008,4348.65
02-09-2008,4504
04-09-2008,4447.75
05-09-2008,4352.3
08-09-2008,4482.3
09-09-2008,4468.7
10-09-2008,4400.25
11-09-2008,4290.3
12-09-2008,4228.45
15-09-2008,4072.9
16-09-2008,4074.9
17-09-2008,4008.25
18-09-2008,4038.15
19-09-2008,4245.25
22-09-2008,4223.05
23-09-2008,4126.9
24-09-2008,4161.25
25-09-2008,4110.55
26-09-2008,3985.25
29-09-2008,3850.05
30-09-2008,3921.2
01-10-2008,3950.75
03-10-2008,3818.3
06-10-2008,3602.35
07-10-2008,3606.6
08-10-2008,3513.65
10-10-2008,3279.95
13-10-2008,3490.7
14-10-2008,3518.65
15-10-2008,3338.4
16-10-2008,3269.3
17-10-2008,3074.35
20-10-2008,3122.8
21-10-2008,3234.9
22-10-2008,3065.15
23-10-2008,2943.15
24-10-2008,2584
27-10-2008,2524.2
28-10-2008,2684.6
29-10-2008,2697.05
31-10-2008,2885.6
03-11-2008,3043.85
04-11-2008,3142.1
05-11-2008,2994.95
06-11-2008,2892.65
07-11-2008,2973
10-11-2008,3148.25
11-11-2008,2938.65
12-11-2008,2848.45
14-11-2008,2810.35
17-11-2008,2799.55
18-11-2008,2683.15
19-11-2008,2635
20-11-2008,2553.15
21-11-2008,2693.45
24-11-2008,2708.25
25-11-2008,2654
26-11-2008,2752.25
28-11-2008,2755.1
01-12-2008,2682.9
02-12-2008,2657.8
03-12-2008,2656.45
04-12-2008,2788
05-12-2008,2714.4
08-12-2008,2784
10-12-2008,2928.25
11-12-2008,2920.15
12-12-2008,2921.35
15-12-2008,2981.2
16-12-2008,3041.75
17-12-2008,2954.35
18-12-2008,3060.75
19-12-2008,3077.5
22-12-2008,3039.3
23-12-2008,2968.65
24-12-2008,2916.85
26-12-2008,2857.25
29-12-2008,2922.2
30-12-2008,2979.5
31-12-2008,2959.15
01-01-2009,3033.45
02-01-2009,3046.75
05-01-2009,3121.45
06-01-2009,3112.8
07-01-2009,2920.4
09-01-2009,2873
12-01-2009,2773.1
13-01-2009,2744.95
14-01-2009,2835.3
15-01-2009,2736.7
16-01-2009,2828.45
19-01-2009,2846.2
20-01-2009,2796.6
21-01-2009,2706.15
22-01-2009,2713.8
23-01-2009,2678.55
27-01-2009,2771.35
28-01-2009,2849.5
29-01-2009,2823.95
30-01-2009,2874.8
02-02-2009,2766.65
03-02-2009,2783.9
04-02-2009,2803.05
05-02-2009,2780.05
06-02-2009,2843.1
09-02-2009,2919.9
10-02-2009,2934.5
11-02-2009,2925.7
12-02-2009,2893.05
13-02-2009,2948.35
16-02-2009,2848.5
17-02-2009,2770.5
18-02-2009,2776.15
19-02-2009,2789.35
20-02-2009,2736.45
24-02-2009,2733.9
25-02-2009,2762.5
26-02-2009,2785.65
27-02-2009,2763.65
02-03-2009,2674.6
03-03-2009,2622.4
04-03-2009,2645.2
05-03-2009,2576.7
06-03-2009,2620.15
09-03-2009,2573.15
12-03-2009,2617.45
13-03-2009,2719.25
16-03-2009,2777.25
17-03-2009,2757.45
18-03-2009,2794.7
19-03-2009,2807.15
20-03-2009,2807.05
23-03-2009,2939.9
24-03-2009,2938.7
25-03-2009,2984.35
26-03-2009,3082.25
27-03-2009,3108.65
30-03-2009,2978.15
31-03-2009,3020.95
01-04-2009,3060.35
02-04-2009,3211.05
06-04-2009,3256.6
08-04-2009,3342.95
09-04-2009,3342.05
13-04-2009,3382.6
15-04-2009,3484.15
16-04-2009,3369.5
17-04-2009,3384.4
20-04-2009,3377.1
21-04-2009,3365.3
22-04-2009,3330.3
23-04-2009,3423.7
24-04-2009,3480.75
27-04-2009,3470
28-04-2009,3362.35
29-04-2009,3473.95
04-05-2009,3654
05-05-2009,3661.9
06-05-2009,3625.05
07-05-2009,3683.9
08-05-2009,3620.7
11-05-2009,3554.6
12-05-2009,3681.1
13-05-2009,3635.25
14-05-2009,3593.45
15-05-2009,3671.65
18-05-2009,4323.15
19-05-2009,4318.45
20-05-2009,4270.3
21-05-2009,4210.9
22-05-2009,4238.5
25-05-2009,4237.55
26-05-2009,4116.7
27-05-2009,4276.05
28-05-2009,4337.1
29-05-2009,4448.95
01-06-2009,4529.9
02-06-2009,4525.25
03-06-2009,4530.7
04-06-2009,4572.65
05-06-2009,4586.9
08-06-2009,4429.9
09-06-2009,4550.95
10-06-2009,4655.25
11-06-2009,4637.7
12-06-2009,4583.4
15-06-2009,4484
16-06-2009,4517.8
17-06-2009,4356.15
18-06-2009,4251.4
19-06-2009,4313.6
22-06-2009,4235.25
23-06-2009,4247
24-06-2009,4292.95
25-06-2009,4241.85
26-06-2009,4375.5
29-06-2009,4390.95
30-06-2009,4291.1
01-07-2009,4340.9
02-07-2009,4348.85
03-07-2009,4424.25
06-07-2009,4165.7
07-07-2009,4202.15
08-07-2009,4078.9
09-07-2009,4080.95
10-07-2009,4003.9
13-07-2009,3974.05
14-07-2009,4111.4
15-07-2009,4233.5
16-07-2009,4231.4
17-07-2009,4374.95
20-07-2009,4502.25
21-07-2009,4469.1
22-07-2009,4398.9
23-07-2009,4523.75
24-07-2009,4568.55
27-07-2009,4572.3
28-07-2009,4564.1
29-07-2009,4513.5
30-07-2009,4571.45
31-07-2009,4636.45
03-08-2009,4711.4
04-08-2009,4680.5
05-08-2009,4694.15
06-08-2009,4585.5
07-08-2009,4481.4
10-08-2009,4437.65
11-08-2009,4471.35
12-08-2009,4457.5
13-08-2009,4605
14-08-2009,4580.05
17-08-2009,4387.9
18-08-2009,4458.9
19-08-2009,4394.1
20-08-2009,4453.45
21-08-2009,4528.8
24-08-2009,4642.8
25-08-2009,4659.35
26-08-2009,4680.85
27-08-2009,4688.2
28-08-2009,4732.35
31-08-2009,4662.1
01-09-2009,4625.35
02-09-2009,4608.35
03-09-2009,4593.55
04-09-2009,4680.4
07-09-2009,4782.9
08-09-2009,4805.25
09-09-2009,4814.25
10-09-2009,4819.4
11-09-2009,4829.55
14-09-2009,4808.6
15-09-2009,4892.1
16-09-2009,4958.4
17-09-2009,4965.55
18-09-2009,4976.05
22-09-2009,5020.2
23-09-2009,4969.95
24-09-2009,4986.55
25-09-2009,4958.95
29-09-2009,5006.85
30-09-2009,5083.95
01-10-2009,5083.4
05-10-2009,5003.2
06-10-2009,5027.4
07-10-2009,4985.75
08-10-2009,5002.25
09-10-2009,4945.2
12-10-2009,5054.25
14-10-2009,5118.2
15-10-2009,5108.85
16-10-2009,5142.15
20-10-2009,5114.45
21-10-2009,5063.6
22-10-2009,4988.6
23-10-2009,4997.05
26-10-2009,4970.9
27-10-2009,4846.7
28-10-2009,4826.15
29-10-2009,4750.55
30-10-2009,4711.7
03-11-2009,4563.9
04-11-2009,4710.8
05-11-2009,4765.55
06-11-2009,4796.15
09-11-2009,4898.4
10-11-2009,4881.7
11-11-2009,5003.95
12-11-2009,4952.65
13-11-2009,4998.95
16-11-2009,5058.05
17-11-2009,5062.25
18-11-2009,5054.7
19-11-2009,4989
20-11-2009,5052.45
23-11-2009,5103.55
24-11-2009,5090.55
25-11-2009,5108.15
26-11-2009,5005.55
27-11-2009,4941.75
30-11-2009,5032.7
01-12-2009,5122
02-12-2009,5123.25
03-12-2009,5131.7
04-12-2009,5108.9
07-12-2009,5066.7
08-12-2009,5147.95
09-12-2009,5112
10-12-2009,5134.65
11-12-2009,5117.3
14-12-2009,5105.7
15-12-2009,5033.05
16-12-2009,5042.05
17-12-2009,5041.75
18-12-2009,4987.7
21-12-2009,4952.6
22-12-2009,4985.85
23-12-2009,5144.6
24-12-2009,5178.4
29-12-2009,5187.95
30-12-2009,5169.45
31-12-2009,5201.05
04-01-2010,5232.2
05-01-2010,5277.9
06-01-2010,5281.8
07-01-2010,5263.1
08-01-2010,5244.75
11-01-2010,5249.4
12-01-2010,5210.4
13-01-2010,5233.95
14-01-2010,5259.9
15-01-2010,5252.2
18-01-2010,5274.85
19-01-2010,5225.65
20-01-2010,5221.7
21-01-2010,5094.15
22-01-2010,5036
25-01-2010,5007.9
27-01-2010,4853.1
28-01-2010,4867.25
29-01-2010,4882.05
01-02-2010,4899.7
02-02-2010,4830.1
03-02-2010,4931.85
04-02-2010,4845.35
05-02-2010,4718.65
08-02-2010,4760.4
09-02-2010,4792.65
10-02-2010,4757.2
11-02-2010,4826.85
15-02-2010,4801.95
16-02-2010,4855.75
17-02-2010,4914
18-02-2010,4887.75
19-02-2010,4844.9
22-02-2010,4856.4
23-02-2010,4870.05
24-02-2010,4858.6
25-02-2010,4859.75
26-02-2010,4922.3
02-03-2010,5017
03-03-2010,5088.1
04-03-2010,5080.25
05-03-2010,5088.7
08-03-2010,5124
09-03-2010,5101.5
10-03-2010,5116.25
11-03-2010,5133.4
12-03-2010,5137
15-03-2010,5128.9
16-03-2010,5198.1
17-03-2010,5231.9
18-03-2010,5245.9
19-03-2010,5262.8
22-03-2010,5205.2
23-03-2010,5225.3
25-03-2010,5260.4
26-03-2010,5282
29-03-2010,5302.85
30-03-2010,5262.45
31-03-2010,5249.1
01-04-2010,5290.5
05-04-2010,5368.4
06-04-2010,5366
07-04-2010,5374.65
08-04-2010,5304.45
09-04-2010,5361.75
12-04-2010,5339.7
13-04-2010,5322.95
15-04-2010,5273.6
16-04-2010,5262.6
19-04-2010,5203.65
20-04-2010,5230.1
21-04-2010,5244.9
22-04-2010,5269.35
23-04-2010,5304.1
26-04-2010,5322.45
27-04-2010,5308.35
28-04-2010,5215.45
29-04-2010,5254.15
30-04-2010,5278
03-05-2010,5222.75
04-05-2010,5148.5
05-05-2010,5124.9
06-05-2010,5090.85
07-05-2010,5018.05
10-05-2010,5193.6
11-05-2010,5136.15
12-05-2010,5156.65
13-05-2010,5178.9
14-05-2010,5093.5
17-05-2010,5059.9
18-05-2010,5066.2
19-05-2010,4919.65
20-05-2010,4947.6
21-05-2010,4931.15
24-05-2010,4943.95
25-05-2010,4806.75
26-05-2010,4917.4
27-05-2010,5003.1
28-05-2010,5066.55
31-05-2010,5086.3
01-06-2010,4970.2
02-06-2010,5019.85
03-06-2010,5110.5
04-06-2010,5135.5
07-06-2010,5034
08-06-2010,4987.1
09-06-2010,5000.3
10-06-2010,5078.6
11-06-2010,5119.35
14-06-2010,5197.7
15-06-2010,5222.35
16-06-2010,5233.35
17-06-2010,5274.85
18-06-2010,5262.6
21-06-2010,5353.3
22-06-2010,5316.55
23-06-2010,5323.15
24-06-2010,5320.6
25-06-2010,5269.05
28-06-2010,5333.5
29-06-2010,5256.15
30-06-2010,5312.5
01-07-2010,5251.4
02-07-2010,5237.1
05-07-2010,5235.9
06-07-2010,5289.05
07-07-2010,5241.1
08-07-2010,5296.85
09-07-2010,5352.45
12-07-2010,5383
13-07-2010,5400.65
14-07-2010,5386.15
15-07-2010,5378.75
16-07-2010,5393.9
19-07-2010,5386.45
20-07-2010,5368
21-07-2010,5399.35
22-07-2010,5441.95
23-07-2010,5449.1
26-07-2010,5418.6
27-07-2010,5430.6
28-07-2010,5397.55
29-07-2010,5408.9
30-07-2010,5367.6
02-08-2010,5431.65
03-08-2010,5439.55
04-08-2010,5467.85
05-08-2010,5447.1
06-08-2010,5439.25
09-08-2010,5486.15
10-08-2010,5460.7
11-08-2010,5420.6
12-08-2010,5416.45
13-08-2010,5452.1
16-08-2010,5418.3
17-08-2010,5414.15
18-08-2010,5479.15
19-08-2010,5540.2
20-08-2010,5530.65
23-08-2010,5543.5
24-08-2010,5505.1
25-08-2010,5462.35
26-08-2010,5477.9
27-08-2010,5408.7
30-08-2010,5415.45
31-08-2010,5402.4
01-09-2010,5471.85
02-09-2010,5486.15
03-09-2010,5479.4
06-09-2010,5576.95
07-09-2010,5604
08-09-2010,5607.85
09-09-2010,5640.05
13-09-2010,5760
14-09-2010,5795.55
15-09-2010,5860.95
16-09-2010,5828.7
17-09-2010,5884.95
20-09-2010,5980.45
21-09-2010,6009.05
22-09-2010,5991
23-09-2010,5959.55
24-09-2010,6018.3
27-09-2010,6035.65
28-09-2010,6029.5
29-09-2010,5991.3
30-09-2010,6029.95
01-10-2010,6143.4
04-10-2010,6159.45
05-10-2010,6145.8
06-10-2010,6186.45
07-10-2010,6120.3
08-10-2010,6103.45
11-10-2010,6135.85
12-10-2010,6090.9
13-10-2010,6233.9
14-10-2010,6177.35
15-10-2010,6062.65
18-10-2010,6075.95
19-10-2010,6027.3
20-10-2010,5982.1
21-10-2010,6101.5
22-10-2010,6066.05
25-10-2010,6105.8
26-10-2010,6082
27-10-2010,6012.65
28-10-2010,5987.7
29-10-2010,6017.7
01-11-2010,6117.55
02-11-2010,6119
03-11-2010,6160.5
04-11-2010,6281.8
05-11-2010,6312.45
08-11-2010,6273.2
09-11-2010,6301.55
10-11-2010,6275.7
11-11-2010,6194.25
12-11-2010,6071.65
15-11-2010,6121.6
16-11-2010,5988.7
18-11-2010,5998.8
19-11-2010,5890.3
22-11-2010,6010
23-11-2010,5934.75
24-11-2010,5865.75
25-11-2010,5799.75
26-11-2010,5751.95
29-11-2010,5830
30-11-2010,5862.7
01-12-2010,5960.9
02-12-2010,6011.7
03-12-2010,5992.8
06-12-2010,5992.25
07-12-2010,5976.55
08-12-2010,5903.7
09-12-2010,5766.5
10-12-2010,5857.35
13-12-2010,5907.65
14-12-2010,5944.1
15-12-2010,5892.3
16-12-2010,5948.75
20-12-2010,5947.05
21-12-2010,6000.65
22-12-2010,5984.4
23-12-2010,5980
24-12-2010,6011.6
27-12-2010,5998.1
28-12-2010,5996
29-12-2010,6060.35
30-12-2010,6101.85
31-12-2010,6134.5
03-01-2011,6157.6
04-01-2011,6146.35
05-01-2011,6079.8
06-01-2011,6048.25
07-01-2011,5904.6
10-01-2011,5762.85
11-01-2011,5754.1
12-01-2011,5863.25
13-01-2011,5751.9
14-01-2011,5654.55
17-01-2011,5654.75
18-01-2011,5724.05
19-01-2011,5691.05
20-01-2011,5711.6
21-01-2011,5696.5
24-01-2011,5743.25
25-01-2011,5687.4
27-01-2011,5604.3
28-01-2011,5512.15
31-01-2011,5505.9
01-02-2011,5417.2
02-02-2011,5432
03-02-2011,5526.75
04-02-2011,5395.75
07-02-2011,5396
08-02-2011,5312.55
09-02-2011,5253.55
10-02-2011,5225.8
11-02-2011,5310
14-02-2011,5456
15-02-2011,5481
16-02-2011,5481.7
17-02-2011,5546.45
18-02-2011,5458.95
21-02-2011,5518.6
22-02-2011,5469.2
23-02-2011,5437.35
24-02-2011,5262.7
25-02-2011,5303.55
28-02-2011,5333.25
01-03-2011,5522.3
03-03-2011,5536.2
04-03-2011,5538.75
07-03-2011,5463.15
08-03-2011,5520.8
09-03-2011,5531
10-03-2011,5494.4
11-03-2011,5445.45
14-03-2011,5531.5
15-03-2011,5449.65
16-03-2011,5511.15
17-03-2011,5446.65
18-03-2011,5373.7
21-03-2011,5364.75
22-03-2011,5413.85
23-03-2011,5480.25
24-03-2011,5522.4
25-03-2011,5654.25
28-03-2011,5687.25
29-03-2011,5736.35
30-03-2011,5787.65
31-03-2011,5833.75
01-04-2011,5826.05
04-04-2011,5908.45
05-04-2011,5910.05
06-04-2011,5891.75
07-04-2011,5885.7
08-04-2011,5842
11-04-2011,5785.7
13-04-2011,5911.5
15-04-2011,5824.55
18-04-2011,5729.1
19-04-2011,5740.75
20-04-2011,5851.65
21-04-2011,5884.7
25-04-2011,5874.5
26-04-2011,5868.4
27-04-2011,5833.9
28-04-2011,5785.45
29-04-2011,5749.5
02-05-2011,5701.3
03-05-2011,5565.25
04-05-2011,5537.15
05-05-2011,5459.85
06-05-2011,5551.45
09-05-2011,5551.1
10-05-2011,5541.25
11-05-2011,5565.05
12-05-2011,5486.15
13-05-2011,5544.75
16-05-2011,5499
17-05-2011,5438.95
18-05-2011,5420.6
19-05-2011,5428.1
20-05-2011,5486.35
23-05-2011,5386.55
24-05-2011,5394.85
25-05-2011,5348.95
26-05-2011,5412.35
27-05-2011,5476.1
30-05-2011,5473.1
31-05-2011,5560.15
01-06-2011,5592
02-06-2011,5550.35
03-06-2011,5516.75
06-06-2011,5532.05
07-06-2011,5556.15
08-06-2011,5526.85
09-06-2011,5521.05
10-06-2011,5485.8
13-06-2011,5482.8
14-06-2011,5500.5
15-06-2011,5447.5
16-06-2011,5396.75
17-06-2011,5366.4
20-06-2011,5257.9
21-06-2011,5275.85
22-06-2011,5278.3
23-06-2011,5320
24-06-2011,5471.25
27-06-2011,5526.6
28-06-2011,5545.3
29-06-2011,5600.45
30-06-2011,5647.4
01-07-2011,5627.2
04-07-2011,5650.5
05-07-2011,5632.1
06-07-2011,5625.45
07-07-2011,5728.95
08-07-2011,5660.65
11-07-2011,5616.1
12-07-2011,5526.15
13-07-2011,5585.45
14-07-2011,5599.8
15-07-2011,5581.1
18-07-2011,5567.05
19-07-2011,5613.55
20-07-2011,5567.05
21-07-2011,5541.6
22-07-2011,5633.95
25-07-2011,5680.3
26-07-2011,5574.85
27-07-2011,5546.8
28-07-2011,5487.75
29-07-2011,5482
01-08-2011,5516.8
02-08-2011,5456.55
03-08-2011,5404.8
04-08-2011,5331.8
05-08-2011,5211.25
08-08-2011,5118.5
09-08-2011,5072.85
10-08-2011,5161
11-08-2011,5138.3
12-08-2011,5072.95
16-08-2011,5035.8
17-08-2011,5056.6
18-08-2011,4944.15
19-08-2011,4845.65
22-08-2011,4898.8
23-08-2011,4948.9
24-08-2011,4888.9
25-08-2011,4839.6
26-08-2011,4747.8
29-08-2011,4919.6
30-08-2011,5001
02-09-2011,5040
05-09-2011,5017.2
06-09-2011,5064.3
07-09-2011,5124.65
08-09-2011,5153.25
09-09-2011,5059.45
12-09-2011,4946.8
13-09-2011,4940.95
14-09-2011,5012.55
15-09-2011,5075.7
16-09-2011,5084.25
19-09-2011,5031.95
20-09-2011,5140.2
21-09-2011,5133.25
22-09-2011,4923.65
23-09-2011,4867.75
26-09-2011,4835.4
27-09-2011,4971.25
28-09-2011,4945.9
29-09-2011,5015.45
30-09-2011,4943.25
03-10-2011,4849.5
04-10-2011,4772.15
05-10-2011,4751.3
07-10-2011,4888.05
10-10-2011,4979.6
11-10-2011,4974.35
12-10-2011,5099.4
13-10-2011,5077.85
14-10-2011,5132.3
17-10-2011,5118.25
18-10-2011,5037.5
19-10-2011,5139.15
20-10-2011,5091.9
21-10-2011,5049.95
24-10-2011,5098.35
25-10-2011,5191.6
26-10-2011,5201.8
28-10-2011,5360.7
31-10-2011,5326.6
01-11-2011,5257.95
02-11-2011,5258.45
03-11-2011,5265.75
04-11-2011,5284.2
08-11-2011,5289.35
09-11-2011,5221.05
11-11-2011,5168.85
14-11-2011,5148.35
15-11-2011,5068.5
16-11-2011,5030.45
17-11-2011,4934.75
18-11-2011,4905.8
21-11-2011,4778.35
22-11-2011,4812.35
23-11-2011,4706.45
24-11-2011,4756.45
25-11-2011,4710.05
28-11-2011,4851.3
29-11-2011,4805.1
30-11-2011,4832.05
01-12-2011,4936.85
02-12-2011,5050.15
05-12-2011,5039.15
07-12-2011,5062.6
08-12-2011,4943.65
09-12-2011,4866.7
12-12-2011,4764.6
13-12-2011,4800.6
14-12-2011,4763.25
15-12-2011,4746.35
16-12-2011,4651.6
19-12-2011,4613.1
20-12-2011,4544.2
21-12-2011,4693.15
22-12-2011,4733.85
23-12-2011,4714
26-12-2011,4779
27-12-2011,4750.5
28-12-2011,4705.8
29-12-2011,4646.25
30-12-2011,4624.3
02-01-2012,4636.75
03-01-2012,4765.3
04-01-2012,4749.65
05-01-2012,4749.95
06-01-2012,4754.1
09-01-2012,4742.8
10-01-2012,4849.55
11-01-2012,4860.95
12-01-2012,4831.25
13-01-2012,4866
16-01-2012,4873.9
17-01-2012,4967.3
18-01-2012,4955.8
19-01-2012,5018.4
20-01-2012,5048.6
23-01-2012,5046.25
24-01-2012,5127.35
25-01-2012,5158.3
27-01-2012,5204.7
30-01-2012,5087.3
31-01-2012,5199.25
01-02-2012,5235.7
02-02-2012,5269.9
03-02-2012,5325.85
06-02-2012,5361.65
07-02-2012,5335.15
08-02-2012,5368.15
09-02-2012,5412.35
10-02-2012,5381.6
13-02-2012,5390.2
14-02-2012,5416.05
15-02-2012,5531.95
16-02-2012,5521.95
17-02-2012,5564.3
21-02-2012,5607.15
22-02-2012,5505.35
23-02-2012,5483.3
24-02-2012,5429.3
27-02-2012,5281.2
28-02-2012,5375.5
29-02-2012,5385.2
01-03-2012,5339.75
02-03-2012,5359.35
05-03-2012,5280.35
06-03-2012,5222.4
07-03-2012,5220.45
09-03-2012,5333.55
12-03-2012,5359.55
13-03-2012,5429.5
14-03-2012,5463.9
15-03-2012,5380.5
16-03-2012,5317.9
19-03-2012,5257.05
20-03-2012,5274.85
21-03-2012,5364.95
22-03-2012,5228.45
23-03-2012,5278.2
26-03-2012,5184.25
27-03-2012,5243.15
28-03-2012,5194.75
29-03-2012,5178.85
30-03-2012,5295.55
02-04-2012,5317.9
03-04-2012,5358.5
04-04-2012,5322.9
09-04-2012,5234.4
10-04-2012,5243.6
11-04-2012,5226.85
12-04-2012,5276.85
13-04-2012,5207.45
16-04-2012,5226.2
17-04-2012,5289.7
18-04-2012,5300
19-04-2012,5332.4
20-04-2012,5290.85
23-04-2012,5200.6
24-04-2012,5222.65
25-04-2012,5202
26-04-2012,5189
27-04-2012,5190.6
30-04-2012,5248.15
02-05-2012,5239.15
03-05-2012,5188.4
04-05-2012,5086.85
07-05-2012,5114.15
08-05-2012,4999.95
09-05-2012,4974.8
10-05-2012,4965.7
11-05-2012,4928.9
14-05-2012,4907.8
15-05-2012,4942.8
16-05-2012,4858.25
17-05-2012,4870.2
18-05-2012,4891.45
21-05-2012,4906.05
22-05-2012,4860.5
23-05-2012,4835.65
24-05-2012,4921.4
25-05-2012,4920.4
28-05-2012,4985.65
29-05-2012,4990.1
30-05-2012,4950.75
31-05-2012,4924.25
01-06-2012,4841.6
04-06-2012,4848.15
05-06-2012,4863.3
06-06-2012,4997.1
07-06-2012,5049.65
08-06-2012,5068.35
11-06-2012,5054.1
12-06-2012,5115.9
13-06-2012,5121.45
14-06-2012,5054.75
15-06-2012,5139.05
18-06-2012,5064.25
19-06-2012,5103.85
20-06-2012,5120.55
21-06-2012,5165
22-06-2012,5146.05
25-06-2012,5114.65
26-06-2012,5120.8
27-06-2012,5141.9
28-06-2012,5149.15
29-06-2012,5278.9
02-07-2012,5278.6
03-07-2012,5287.95
04-07-2012,5302.55
05-07-2012,5327.3
06-07-2012,5316.95
09-07-2012,5275.15
10-07-2012,5345.35
11-07-2012,5306.3
12-07-2012,5235.25
13-07-2012,5227.25
16-07-2012,5197.25
17-07-2012,5192.85
18-07-2012,5216.3
19-07-2012,5242.7
20-07-2012,5205.1
23-07-2012,5117.95
24-07-2012,5128.2
25-07-2012,5109.6
26-07-2012,5043
27-07-2012,5099.85
30-07-2012,5199.8
31-07-2012,5229
01-08-2012,5240.5
02-08-2012,5227.75
03-08-2012,5215.7
06-08-2012,5282.55
07-08-2012,5336.7
08-08-2012,5338
09-08-2012,5322.95
10-08-2012,5320.4
13-08-2012,5347.9
14-08-2012,5380.35
16-08-2012,5362.95
17-08-2012,5366.3
21-08-2012,5421
22-08-2012,5412.85
23-08-2012,5415.35
24-08-2012,5386.7
27-08-2012,5350.25
28-08-2012,5334.6
29-08-2012,5287.8
30-08-2012,5315.05
31-08-2012,5258.5
03-09-2012,5253.75
04-09-2012,5274
05-09-2012,5225.7
06-09-2012,5238.4
07-09-2012,5342.1
10-09-2012,5363.45
11-09-2012,5390
12-09-2012,5431
13-09-2012,5435.35
14-09-2012,5577.65
17-09-2012,5610
18-09-2012,5600.05
20-09-2012,5554.25
21-09-2012,5691.15
24-09-2012,5669.6
25-09-2012,5673.9
26-09-2012,5663.45
27-09-2012,5649.5
28-09-2012,5703.3
01-10-2012,5718.8
03-10-2012,5731.25
04-10-2012,5787.6
05-10-2012,5746.95
08-10-2012,5676
09-10-2012,5704.6
10-10-2012,5652.15
11-10-2012,5708.05
12-10-2012,5676.05
15-10-2012,5687.25
16-10-2012,5648
17-10-2012,5660.25
18-10-2012,5718.7
19-10-2012,5684.25
22-10-2012,5717.15
23-10-2012,5691.4
25-10-2012,5705.3
26-10-2012,5664.3
29-10-2012,5665.6
30-10-2012,5597.9
31-10-2012,5619.7
01-11-2012,5645.05
02-11-2012,5697.7
05-11-2012,5704.2
06-11-2012,5724.4
07-11-2012,5760.1
08-11-2012,5738.75
09-11-2012,5686.25
12-11-2012,5683.7
13-11-2012,5666.95
15-11-2012,5631
16-11-2012,5574.05
19-11-2012,5571.4
20-11-2012,5571.55
21-11-2012,5614.8
22-11-2012,5627.75
23-11-2012,5626.6
26-11-2012,5635.9
27-11-2012,5727.45
29-11-2012,5825
30-11-2012,5879.85
03-12-2012,5870.95
04-12-2012,5889.25
05-12-2012,5900.5
06-12-2012,5930.9
07-12-2012,5907.4
10-12-2012,5908.9
11-12-2012,5898.8
12-12-2012,5888
13-12-2012,5851.5
14-12-2012,5879.6
17-12-2012,5857.9
18-12-2012,5896.8
19-12-2012,5929.6
20-12-2012,5916.4
21-12-2012,5847.7
24-12-2012,5855.75
26-12-2012,5905.6
27-12-2012,5870.1
28-12-2012,5908.35
31-12-2012,5905.1
01-01-2013,5950.85
02-01-2013,5993.25
03-01-2013,6009.5
04-01-2013,6016.15
07-01-2013,5988.4
08-01-2013,6001.7
09-01-2013,5971.5
10-01-2013,5968.65
11-01-2013,5951.3
14-01-2013,6024.05
15-01-2013,6056.6
16-01-2013,6001.85
17-01-2013,6039.2
18-01-2013,6064.4
21-01-2013,6082.3
22-01-2013,6048.5
23-01-2013,6054.3
24-01-2013,6019.35
25-01-2013,6074.65
28-01-2013,6074.8
29-01-2013,6049.9
30-01-2013,6055.75
31-01-2013,6034.75
01-02-2013,5998.9
04-02-2013,5987.25
05-02-2013,5956.9
06-02-2013,5959.2
07-02-2013,5938.8
08-02-2013,5903.5
11-02-2013,5897.85
12-02-2013,5922.5
13-02-2013,5932.95
14-02-2013,5896.95
15-02-2013,5887.4
18-02-2013,5898.2
19-02-2013,5939.7
20-02-2013,5943.05
21-02-2013,5852.25
22-02-2013,5850.3
25-02-2013,5854.75
26-02-2013,5761.35
27-02-2013,5796.9
28-02-2013,5693.05
01-03-2013,5719.7
04-03-2013,5698.5
05-03-2013,5784.25
06-03-2013,5818.6
07-03-2013,5863.3
08-03-2013,5945.7
11-03-2013,5942.35
12-03-2013,5914.1
13-03-2013,5851.2
14-03-2013,5908.95
15-03-2013,5872.6
18-03-2013,5835.25
19-03-2013,5745.95
20-03-2013,5694.4
21-03-2013,5658.75
22-03-2013,5651.35
25-03-2013,5633.85
26-03-2013,5641.6
28-03-2013,5682.55
01-04-2013,5704.4
02-04-2013,5748.1
03-04-2013,5672.9
04-04-2013,5574.75
05-04-2013,5553.25
08-04-2013,5542.95
09-04-2013,5495.1
10-04-2013,5558.7
11-04-2013,5594
12-04-2013,5528.55
15-04-2013,5568.4
16-04-2013,5688.95
17-04-2013,5688.7
18-04-2013,5783.1
22-04-2013,5834.4
23-04-2013,5836.9
25-04-2013,5916.3
26-04-2013,5871.45
29-04-2013,5904.1
30-04-2013,5930.2
02-05-2013,5999.35
03-05-2013,5944
06-05-2013,5971.05
07-05-2013,6043.55
08-05-2013,6069.3
09-05-2013,6050.15
10-05-2013,6094.75
13-05-2013,5980.45
14-05-2013,5995.4
15-05-2013,6146.75
16-05-2013,6169.9
17-05-2013,6187.3
20-05-2013,6156.9
21-05-2013,6114.1
22-05-2013,6094.5
23-05-2013,5967.05
24-05-2013,5983.55
27-05-2013,6083.15
28-05-2013,6111.25
29-05-2013,6104.3
30-05-2013,6124.05
31-05-2013,5985.95
03-06-2013,5939.3
04-06-2013,5919.45
05-06-2013,5923.85
06-06-2013,5921.4
07-06-2013,5881
10-06-2013,5878
11-06-2013,5788.8
12-06-2013,5760.2
13-06-2013,5699.1
14-06-2013,5808.4
17-06-2013,5850.05
18-06-2013,5813.6
19-06-2013,5822.25
20-06-2013,5655.9
21-06-2013,5667.65
24-06-2013,5590.25
25-06-2013,5609.1
26-06-2013,5588.7
27-06-2013,5682.35
28-06-2013,5842.2
01-07-2013,5898.85
02-07-2013,5857.55
03-07-2013,5770.9
04-07-2013,5836.95
05-07-2013,5867.9
08-07-2013,5811.55
09-07-2013,5859
10-07-2013,5816.7
11-07-2013,5935.1
12-07-2013,6009
15-07-2013,6030.8
16-07-2013,5955.25
17-07-2013,5973.3
18-07-2013,6038.05
19-07-2013,6029.2
22-07-2013,6031.8
23-07-2013,6077.8
24-07-2013,5990.5
25-07-2013,5907.5
26-07-2013,5886.2
29-07-2013,5831.65
30-07-2013,5755.05
31-07-2013,5742
01-08-2013,5727.85
02-08-2013,5677.9
05-08-2013,5685.4
06-08-2013,5542.25
07-08-2013,5519.1
08-08-2013,5565.65
12-08-2013,5612.4
13-08-2013,5699.3
14-08-2013,5742.3
16-08-2013,5507.85
19-08-2013,5414.75
20-08-2013,5401.45
21-08-2013,5302.55
22-08-2013,5408.45
23-08-2013,5471.75
26-08-2013,5476.5
27-08-2013,5287.45
28-08-2013,5285
29-08-2013,5409.05
30-08-2013,5471.8
02-09-2013,5550.75
03-09-2013,5341.45
04-09-2013,5448.1
05-09-2013,5592.95
06-09-2013,5680.4
10-09-2013,5896.75
11-09-2013,5913.15
12-09-2013,5850.7
13-09-2013,5850.6
16-09-2013,5840.55
17-09-2013,5850.2
18-09-2013,5899.45
19-09-2013,6115.55
20-09-2013,6012.1
23-09-2013,5889.75
24-09-2013,5892.45
25-09-2013,5873.85
26-09-2013,5882.25
27-09-2013,5833.2
30-09-2013,5735.3
01-10-2013,5780.05
03-10-2013,5909.7
04-10-2013,5907.3
07-10-2013,5906.15
08-10-2013,5928.4
09-10-2013,6007.45
10-10-2013,6020.95
11-10-2013,6096.2
14-10-2013,6112.7
15-10-2013,6089.05
17-10-2013,6045.85
18-10-2013,6189.35
21-10-2013,6204.95
22-10-2013,6202.8
23-10-2013,6178.35
24-10-2013,6164.35
25-10-2013,6144.9
28-10-2013,6101.1
29-10-2013,6220.9
30-10-2013,6251.7
31-10-2013,6299.15
01-11-2013,6307.2
05-11-2013,6253.15
06-11-2013,6215.15
07-11-2013,6187.25
08-11-2013,6140.75
11-11-2013,6078.8
12-11-2013,6018.05
13-11-2013,5989.6
14-11-2013,6056.15
18-11-2013,6189
19-11-2013,6203.35
20-11-2013,6122.9
21-11-2013,5999.05
22-11-2013,5995.45
25-11-2013,6115.35
26-11-2013,6059.1
27-11-2013,6057.1
28-11-2013,6091.85
29-11-2013,6176.1
02-12-2013,6217.85
03-12-2013,6201.85
04-12-2013,6160.95
05-12-2013,6241.1
06-12-2013,6259.9
09-12-2013,6363.9
10-12-2013,6332.85
11-12-2013,6307.9
12-12-2013,6237.05
13-12-2013,6168.4
16-12-2013,6154.7
17-12-2013,6139.05
18-12-2013,6217.15
19-12-2013,6166.65
20-12-2013,6274.25
23-12-2013,6284.5
24-12-2013,6268.4
26-12-2013,6278.9
27-12-2013,6313.8
30-12-2013,6291.1
31-12-2013,6304
01-01-2014,6301.65
02-01-2014,6221.15
03-01-2014,6211.15
06-01-2014,6191.45
07-01-2014,6162.25
08-01-2014,6174.6
09-01-2014,6168.35
10-01-2014,6171.45
13-01-2014,6272.75
14-01-2014,6241.85
15-01-2014,6320.9
16-01-2014,6318.9
17-01-2014,6261.65
20-01-2014,6303.95
21-01-2014,6313.8
22-01-2014,6338.95
23-01-2014,6345.65
24-01-2014,6266.75
27-01-2014,6135.85
28-01-2014,6126.25
29-01-2014,6120.25
30-01-2014,6073.7
31-01-2014,6089.5
03-02-2014,6001.8
04-02-2014,6000.9
05-02-2014,6022.4
06-02-2014,6036.3
07-02-2014,6063.2
10-02-2014,6053.45
11-02-2014,6062.7
12-02-2014,6084
13-02-2014,6001.1
14-02-2014,6048.35
17-02-2014,6073.3
18-02-2014,6127.1
19-02-2014,6152.75
20-02-2014,6091.45
21-02-2014,6155.45
24-02-2014,6186.1
25-02-2014,6200.05
26-02-2014,6238.8
28-02-2014,6276.95
03-03-2014,6221.45
04-03-2014,6297.95
05-03-2014,6328.65
06-03-2014,6401.15
07-03-2014,6526.65
10-03-2014,6537.25
11-03-2014,6511.9
12-03-2014,6516.9
13-03-2014,6493.1
14-03-2014,6504.2
18-03-2014,6516.65
19-03-2014,6524.05
20-03-2014,6483.1
21-03-2014,6493.2
24-03-2014,6583.5
25-03-2014,6589.75
26-03-2014,6601.4
27-03-2014,6641.75
28-03-2014,6695.9
31-03-2014,6704.2
01-04-2014,6721.05
02-04-2014,6752.55
03-04-2014,6736.1
04-04-2014,6694.35
07-04-2014,6695.05
09-04-2014,6796.2
10-04-2014,6796.4
11-04-2014,6776.3
15-04-2014,6733.1
16-04-2014,6675.3
17-04-2014,6779.4
21-04-2014,6817.65
22-04-2014,6815.35
23-04-2014,6840.8
25-04-2014,6782.75
28-04-2014,6761.25
29-04-2014,6715.25
30-04-2014,6696.4
02-05-2014,6694.8
05-05-2014,6699.35
06-05-2014,6715.3
07-05-2014,6652.55
08-05-2014,6659.85
09-05-2014,6858.8
12-05-2014,7014.25
13-05-2014,7108.75
14-05-2014,7108.75
15-05-2014,7123.15
16-05-2014,7203
19-05-2014,7263.55
20-05-2014,7275.5
21-05-2014,7252.9
22-05-2014,7276.4
23-05-2014,7367.1
26-05-2014,7359.05
27-05-2014,7318
28-05-2014,7329.65
29-05-2014,7235.65
30-05-2014,7229.95
02-06-2014,7362.5
03-06-2014,7415.85
04-06-2014,7402.25
05-06-2014,7474.1
06-06-2014,7583.4
09-06-2014,7654.6
10-06-2014,7656.4
11-06-2014,7626.85
12-06-2014,7649.9
13-06-2014,7542.1
16-06-2014,7533.55
17-06-2014,7631.7
18-06-2014,7558.2
19-06-2014,7540.7
20-06-2014,7511.45
23-06-2014,7493.35
24-06-2014,7580.2
25-06-2014,7569.25
26-06-2014,7493.2
27-06-2014,7508.8
30-06-2014,7611.35
01-07-2014,7634.7
02-07-2014,7725.15
03-07-2014,7714.8
04-07-2014,7751.6
07-07-2014,7787.15
08-07-2014,7623.2
09-07-2014,7585
10-07-2014,7567.75
11-07-2014,7459.6
14-07-2014,7454.15
15-07-2014,7526.65
16-07-2014,7624.4
17-07-2014,7640.45
18-07-2014,7663.9
21-07-2014,7684.2
22-07-2014,7767.85
23-07-2014,7795.75
24-07-2014,7830.6
25-07-2014,7790.45
28-07-2014,7748.7
30-07-2014,7791.4
31-07-2014,7721.3
01-08-2014,7602.6
04-08-2014,7683.65
05-08-2014,7746.55
06-08-2014,7672.05
07-08-2014,7649.25
08-08-2014,7568.55
11-08-2014,7625.95
12-08-2014,7727.05
13-08-2014,7739.55
14-08-2014,7791.7
18-08-2014,7874.25
19-08-2014,7897.5
20-08-2014,7875.3
21-08-2014,7891.1
22-08-2014,7913.2
25-08-2014,7906.3
26-08-2014,7904.75
27-08-2014,7936.05
28-08-2014,7954.35
01-09-2014,8027.7
02-09-2014,8083.05
03-09-2014,8114.6
04-09-2014,8095.95
05-09-2014,8086.85
08-09-2014,8173.9
09-09-2014,8152.95
10-09-2014,8094.1
11-09-2014,8085.7
12-09-2014,8105.5
15-09-2014,8042
16-09-2014,7932.9
17-09-2014,7975.5
18-09-2014,8114.75
19-09-2014,8121.45
22-09-2014,8146.3
23-09-2014,8017.55
24-09-2014,8002.4
25-09-2014,7911.85
26-09-2014,7968.85
29-09-2014,7958.9
30-09-2014,7964.8
01-10-2014,7945.55
07-10-2014,7852.4
08-10-2014,7842.7
09-10-2014,7960.55
10-10-2014,7859.95
13-10-2014,7884.25
14-10-2014,7864
16-10-2014,7748.2
17-10-2014,7779.7
20-10-2014,7879.4
21-10-2014,7927.75
22-10-2014,7995.9
23-10-2014,8014.55
27-10-2014,7991.7
28-10-2014,8027.6
29-10-2014,8090.45
30-10-2014,8169.2
31-10-2014,8322.2
03-11-2014,8324.15
05-11-2014,8338.3
07-11-2014,8337
10-11-2014,8344.25
11-11-2014,8362.65
12-11-2014,8383.3
13-11-2014,8357.85
14-11-2014,8389.9
17-11-2014,8430.75
18-11-2014,8425.9
19-11-2014,8382.3
20-11-2014,8401.9
21-11-2014,8477.35
24-11-2014,8530.15
25-11-2014,8463.1
26-11-2014,8475.75
27-11-2014,8494.2
28-11-2014,8588.25
01-12-2014,8555.9
02-12-2014,8524.7
03-12-2014,8537.65
04-12-2014,8564.4
05-12-2014,8538.3
08-12-2014,8438.25
09-12-2014,8340.7
10-12-2014,8355.65
11-12-2014,8292.9
12-12-2014,8224.1
15-12-2014,8219.6
16-12-2014,8067.6
17-12-2014,8029.8
18-12-2014,8159.3
19-12-2014,8225.2
22-12-2014,8324
23-12-2014,8267
24-12-2014,8174.1
26-12-2014,8200.7
29-12-2014,8246.3
30-12-2014,8248.25
31-12-2014,8282.7
01-01-2015,8284
02-01-2015,8395.45
05-01-2015,8378.4
06-01-2015,8127.35
07-01-2015,8102.1
08-01-2015,8234.6
09-01-2015,8284.5
12-01-2015,8323
13-01-2015,8299.4
14-01-2015,8277.55
15-01-2015,8494.15
16-01-2015,8513.8
19-01-2015,8550.7
20-01-2015,8695.6
21-01-2015,8729.5
22-01-2015,8761.4
23-01-2015,8835.6
27-01-2015,8910.5
28-01-2015,8914.3
29-01-2015,8952.35
30-01-2015,8808.9
02-02-2015,8797.4
03-02-2015,8756.55
04-02-2015,8723.7
05-02-2015,8711.7
06-02-2015,8661.05
09-02-2015,8526.35
10-02-2015,8565.55
11-02-2015,8627.4
12-02-2015,8711.55
13-02-2015,8805.5
16-02-2015,8809.35
18-02-2015,8869.1
19-02-2015,8895.3
20-02-2015,8833.6
23-02-2015,8754.95
24-02-2015,8762.1
25-02-2015,8767.25
26-02-2015,8683.85
27-02-2015,8844.6
02-03-2015,8956.75
03-03-2015,8996.25
04-03-2015,8922.65
05-03-2015,8937.75
09-03-2015,8756.75
10-03-2015,8712.05
11-03-2015,8699.95
12-03-2015,8776
13-03-2015,8647.75
16-03-2015,8633.15
17-03-2015,8723.3
18-03-2015,8685.9
19-03-2015,8634.65
20-03-2015,8570.9
23-03-2015,8550.9
24-03-2015,8542.95
25-03-2015,8530.8
26-03-2015,8342.15
27-03-2015,8341.4
30-03-2015,8492.3
31-03-2015,8491
01-04-2015,8586.25
06-04-2015,8659.9
07-04-2015,8660.3
08-04-2015,8714.4
09-04-2015,8778.3
10-04-2015,8780.35
13-04-2015,8834
15-04-2015,8750.2
16-04-2015,8706.7
17-04-2015,8606
20-04-2015,8448.1
21-04-2015,8377.75
22-04-2015,8429.7
23-04-2015,8398.3
24-04-2015,8305.25
27-04-2015,8213.8
28-04-2015,8285.6
29-04-2015,8239.75
30-04-2015,8181.5
04-05-2015,8331.95
05-05-2015,8324.8
06-05-2015,8097
07-05-2015,8057.3
08-05-2015,8191.5
11-05-2015,8325.25
12-05-2015,8126.95
13-05-2015,8235.45
14-05-2015,8224.2
15-05-2015,8262.35
18-05-2015,8373.65
19-05-2015,8365.65
20-05-2015,8423.25
21-05-2015,8421
22-05-2015,8458.95
25-05-2015,8370.25
26-05-2015,8339.35
27-05-2015,8334.6
28-05-2015,8319
29-05-2015,8433.65
01-06-2015,8433.4
02-06-2015,8236.45
03-06-2015,8135.1
04-06-2015,8130.65
05-06-2015,8114.7
08-06-2015,8044.15
09-06-2015,8022.4
10-06-2015,8124.45
11-06-2015,7965.35
12-06-2015,7982.9
15-06-2015,8013.9
16-06-2015,8047.3
17-06-2015,8091.55
18-06-2015,8174.6
19-06-2015,8224.95
22-06-2015,8353.1
23-06-2015,8381.55
24-06-2015,8360.85
25-06-2015,8398
26-06-2015,8381.1
29-06-2015,8318.4
30-06-2015,8368.5
01-07-2015,8453.05
02-07-2015,8444.9
03-07-2015,8484.9
06-07-2015,8522.15
07-07-2015,8510.8
08-07-2015,8363.05
09-07-2015,8328.55
10-07-2015,8360.55
13-07-2015,8459.65
14-07-2015,8454.1
15-07-2015,8523.8
16-07-2015,8608.05
17-07-2015,8609.85
20-07-2015,8603.45
21-07-2015,8529.45
22-07-2015,8633.5
23-07-2015,8589.8
24-07-2015,8521.55
27-07-2015,8361
28-07-2015,8337
29-07-2015,8375.05
30-07-2015,8421.8
31-07-2015,8532.85
03-08-2015,8543.05
04-08-2015,8516.9
05-08-2015,8567.95
06-08-2015,8588.65
07-08-2015,8564.6
10-08-2015,8525.6
11-08-2015,8462.35
12-08-2015,8349.45
13-08-2015,8355.85
14-08-2015,8518.55
17-08-2015,8477.3
18-08-2015,8466.55
19-08-2015,8495.15
20-08-2015,8372.75
21-08-2015,8299.95
24-08-2015,7809
25-08-2015,7880.7
26-08-2015,7791.85
27-08-2015,7948.95
28-08-2015,8001.95
31-08-2015,7971.3
01-09-2015,7785.85
02-09-2015,7717
03-09-2015,7823
04-09-2015,7655.05
07-09-2015,7558.8
08-09-2015,7688.25
09-09-2015,7818.6
10-09-2015,7788.1
11-09-2015,7789.3
14-09-2015,7872.25
15-09-2015,7829.1
16-09-2015,7899.15
18-09-2015,7981.9
21-09-2015,7977.1
22-09-2015,7812
23-09-2015,7845.95
24-09-2015,7868.5
28-09-2015,7795.7
29-09-2015,7843.3
30-09-2015,7948.9
01-10-2015,7950.9
05-10-2015,8119.3
06-10-2015,8152.9
07-10-2015,8177.4
08-10-2015,8129.35
09-10-2015,8189.7
12-10-2015,8143.6
13-10-2015,8131.7
14-10-2015,8107.9
15-10-2015,8179.5
16-10-2015,8238.15
19-10-2015,8275.05
20-10-2015,8261.65
21-10-2015,8251.7
23-10-2015,8295.45
26-10-2015,8260.55
27-10-2015,8232.9
28-10-2015,8171.2
29-10-2015,8111.75
30-10-2015,8065.8
02-11-2015,8050.8
03-11-2015,8060.7
04-11-2015,8040.2
05-11-2015,7955.45
06-11-2015,7954.3
09-11-2015,7915.2
10-11-2015,7783.35
11-11-2015,7825
13-11-2015,7762.25
16-11-2015,7806.6
17-11-2015,7837.55
18-11-2015,7731.8
19-11-2015,7842.75
20-11-2015,7856.55
23-11-2015,7849.25
24-11-2015,7831.6
26-11-2015,7883.8
27-11-2015,7942.7
30-11-2015,7935.25
01-12-2015,7954.9
02-12-2015,7931.35
03-12-2015,7864.15
04-12-2015,7781.9
07-12-2015,7765.4
08-12-2015,7701.7
09-12-2015,7612.5
10-12-2015,7683.3
11-12-2015,7610.45
14-12-2015,7650.05
15-12-2015,7700.9
16-12-2015,7750.9
17-12-2015,7844.35
18-12-2015,7761.95
21-12-2015,7834.45
22-12-2015,7786.1
23-12-2015,7865.95
24-12-2015,7861.05
28-12-2015,7925.15
29-12-2015,7928.95
30-12-2015,7896.25
31-12-2015,7946.35
01-01-2016,7963.2
04-01-2016,7791.3
05-01-2016,7784.65
06-01-2016,7741
07-01-2016,7568.3
08-01-2016,7601.35
11-01-2016,7563.85
12-01-2016,7510.3
13-01-2016,7562.4
14-01-2016,7536.8
15-01-2016,7437.8
18-01-2016,7351
19-01-2016,7435.1
20-01-2016,7309.3
21-01-2016,7276.8
22-01-2016,7422.45
25-01-2016,7436.15
27-01-2016,7437.75
28-01-2016,7424.65
29-01-2016,7563.55
01-02-2016,7555.95
02-02-2016,7455.55
03-02-2016,7361.8
04-02-2016,7404
05-02-2016,7489.1
08-02-2016,7387.25
09-02-2016,7298.2
10-02-2016,7215.7
11-02-2016,6976.35
12-02-2016,6980.95
15-02-2016,7162.95
16-02-2016,7048.25
17-02-2016,7108.45
18-02-2016,7191.75
19-02-2016,7210.75
22-02-2016,7234.55
23-02-2016,7109.55
24-02-2016,7018.7
25-02-2016,6970.6
26-02-2016,7029.75
29-02-2016,6987.05
01-03-2016,7222.3
02-03-2016,7368.85
03-03-2016,7475.6
04-03-2016,7485.35
08-03-2016,7485.3
09-03-2016,7531.8
10-03-2016,7486.15
11-03-2016,7510.2
14-03-2016,7538.75
15-03-2016,7460.6
16-03-2016,7498.75
17-03-2016,7512.55
18-03-2016,7604.35
21-03-2016,7704.25
22-03-2016,7714.9
23-03-2016,7716.5
28-03-2016,7615.1
29-03-2016,7597
30-03-2016,7735.2
31-03-2016,7738.4
01-04-2016,7713.05
04-04-2016,7758.8
05-04-2016,7603.2
06-04-2016,7614.35
07-04-2016,7546.45
08-04-2016,7555.2
11-04-2016,7671.4
12-04-2016,7708.95
13-04-2016,7850.45
18-04-2016,7914.7
20-04-2016,7914.75
21-04-2016,7912.05
22-04-2016,7899.3
25-04-2016,7855.05
26-04-2016,7962.65
27-04-2016,7979.9
28-04-2016,7847.25
29-04-2016,7849.8
02-05-2016,7805.9
03-05-2016,7747
04-05-2016,7706.55
05-05-2016,7735.5
06-05-2016,7733.45
09-05-2016,7866.05
10-05-2016,7887.8
11-05-2016,7848.85
12-05-2016,7900.4
13-05-2016,7814.9
16-05-2016,7860.75
17-05-2016,7890.75
18-05-2016,7870.15
19-05-2016,7783.4
20-05-2016,7749.7
23-05-2016,7731.05
24-05-2016,7748.85
25-05-2016,7934.9
26-05-2016,8069.65
27-05-2016,8156.65
30-05-2016,8178.5
31-05-2016,8160.1
01-06-2016,8179.95
02-06-2016,8218.95
03-06-2016,8220.8
06-06-2016,8201.05
07-06-2016,8266.45
08-06-2016,8273.05
09-06-2016,8203.6
10-06-2016,8170.05
13-06-2016,8110.6
14-06-2016,8108.85
15-06-2016,8206.6
16-06-2016,8140.75
17-06-2016,8170.2
20-06-2016,8238.5
21-06-2016,8219.9
22-06-2016,8203.7
23-06-2016,8270.45
24-06-2016,8088.6
27-06-2016,8094.7
28-06-2016,8127.85
29-06-2016,8204
30-06-2016,8287.75
01-07-2016,8328.35
04-07-2016,8370.7
05-07-2016,8335.95
07-07-2016,8337.9
08-07-2016,8323.2
11-07-2016,8467.9
12-07-2016,8521.05
13-07-2016,8519.5
14-07-2016,8565
15-07-2016,8541.4
18-07-2016,8508.7
19-07-2016,8528.55
20-07-2016,8565.85
21-07-2016,8510.1
22-07-2016,8541.2
25-07-2016,8635.65
26-07-2016,8590.65
27-07-2016,8615.8
28-07-2016,8666.3
29-07-2016,8638.5
01-08-2016,8636.55
02-08-2016,8622.9
03-08-2016,8544.85
04-08-2016,8551.1
05-08-2016,8683.15
08-08-2016,8711.35
09-08-2016,8678.25
10-08-2016,8575.3
11-08-2016,8592.15
12-08-2016,8672.15
16-08-2016,8642.55
17-08-2016,8624.05
18-08-2016,8673.25
19-08-2016,8666.9
22-08-2016,8629.15
23-08-2016,8632.6
24-08-2016,8650.3
25-08-2016,8592.2
26-08-2016,8572.55
29-08-2016,8607.45
30-08-2016,8744.35
31-08-2016,8786.2
01-09-2016,8774.65
02-09-2016,8809.65
06-09-2016,8943
07-09-2016,8917.95
08-09-2016,8952.5
09-09-2016,8866.7
12-09-2016,8715.6
14-09-2016,8726.6
15-09-2016,8742.55
16-09-2016,8779.85
19-09-2016,8808.4
20-09-2016,8775.9
21-09-2016,8777.15
22-09-2016,8867.45
23-09-2016,8831.55
26-09-2016,8723.05
27-09-2016,8706.4
28-09-2016,8745.15
29-09-2016,8591.25
30-09-2016,8611.15
03-10-2016,8738.1
04-10-2016,8769.15
05-10-2016,8743.95
06-10-2016,8709.55
07-10-2016,8697.6
10-10-2016,8708.8
13-10-2016,8573.35
14-10-2016,8583.4
17-10-2016,8520.4
18-10-2016,8677.9
19-10-2016,8659.1
20-10-2016,8699.4
21-10-2016,8693.05
24-10-2016,8708.95
25-10-2016,8691.3
26-10-2016,8615.25
27-10-2016,8615.25
28-10-2016,8638
01-11-2016,8626.25
02-11-2016,8514
03-11-2016,8484.95
04-11-2016,8433.75
07-11-2016,8497.05
08-11-2016,8543.55
09-11-2016,8432
10-11-2016,8525.75
11-11-2016,8296.3
15-11-2016,8108.45
16-11-2016,8111.6
17-11-2016,8079.95
18-11-2016,8074.1
21-11-2016,7929.1
22-11-2016,8002.3
23-11-2016,8033.3
24-11-2016,7965.5
25-11-2016,8114.3
28-11-2016,8126.9
29-11-2016,8142.15
30-11-2016,8224.5
01-12-2016,8192.9
02-12-2016,8086.8
05-12-2016,8128.75
06-12-2016,8143.15
07-12-2016,8102.05
08-12-2016,8246.85
09-12-2016,8261.75
12-12-2016,8170.8
13-12-2016,8221.8
14-12-2016,8182.45
15-12-2016,8153.6
16-12-2016,8139.45
19-12-2016,8104.35
20-12-2016,8082.4
21-12-2016,8061.3
22-12-2016,7979.1
23-12-2016,7985.75
26-12-2016,7908.25
27-12-2016,8032.85
28-12-2016,8034.85
29-12-2016,8103.6
30-12-2016,8185.8
02-01-2017,8179.5
03-01-2017,8192.25
04-01-2017,8190.5
05-01-2017,8273.8
06-01-2017,8243.8
09-01-2017,8236.05
10-01-2017,8288.6
11-01-2017,8380.65
12-01-2017,8407.2
13-01-2017,8400.35
16-01-2017,8412.8
17-01-2017,8398
18-01-2017,8417
19-01-2017,8435.1
20-01-2017,8349.35
23-01-2017,8391.5
24-01-2017,8475.8
25-01-2017,8602.75
27-01-2017,8641.25
30-01-2017,8632.75
31-01-2017,8561.3
01-02-2017,8716.4
02-02-2017,8734.25
03-02-2017,8740.95
06-02-2017,8801.05
07-02-2017,8768.3
08-02-2017,8769.05
09-02-2017,8778.4
10-02-2017,8793.55
13-02-2017,8805.05
14-02-2017,8792.3
15-02-2017,8724.7
16-02-2017,8778
17-02-2017,8821.7
20-02-2017,8879.2
21-02-2017,8907.85
22-02-2017,8926.9
23-02-2017,8939.5
27-02-2017,8896.7
28-02-2017,8879.6
01-03-2017,8945.8
02-03-2017,8899.75
03-03-2017,8897.55
06-03-2017,8963.45
07-03-2017,8946.9
08-03-2017,8924.3
09-03-2017,8927
10-03-2017,8934.55
14-03-2017,9087
15-03-2017,9084.8
16-03-2017,9153.7
17-03-2017,9160.05
20-03-2017,9126.85
21-03-2017,9121.5
22-03-2017,9030.45
23-03-2017,9086.3
24-03-2017,9108
27-03-2017,9045.2
28-03-2017,9100.8
29-03-2017,9143.8
30-03-2017,9173.75
31-03-2017,9173.75
03-04-2017,9237.85
05-04-2017,9265.15
06-04-2017,9261.95
07-04-2017,9198.3
10-04-2017,9181.45
11-04-2017,9237
12-04-2017,9203.45
13-04-2017,9150.8
17-04-2017,9139.3
18-04-2017,9105.15
19-04-2017,9103.5
20-04-2017,9136.4
21-04-2017,9119.4
24-04-2017,9217.95
25-04-2017,9306.6
26-04-2017,9351.85
27-04-2017,9342.15
28-04-2017,9304.05
02-05-2017,9313.8
03-05-2017,9311.95
04-05-2017,9359.9
05-05-2017,9285.3
08-05-2017,9314.05
09-05-2017,9316.85
10-05-2017,9407.3
11-05-2017,9422.4
12-05-2017,9400.9
15-05-2017,9445.4
16-05-2017,9512.25
17-05-2017,9525.75
18-05-2017,9429.45
19-05-2017,9427.9
22-05-2017,9438.25
23-05-2017,9386.15
24-05-2017,9360.55
25-05-2017,9509.75
26-05-2017,9595.1
29-05-2017,9604.9
30-05-2017,9624.55
31-05-2017,9621.25
01-06-2017,9616.1
02-06-2017,9653.5
05-06-2017,9675.1
06-06-2017,9637.15
07-06-2017,9663.9
08-06-2017,9647.25
09-06-2017,9668.25
12-06-2017,9616.4
13-06-2017,9606.9
14-06-2017,9618.15
15-06-2017,9578.05
16-06-2017,9588.05
19-06-2017,9657.55
20-06-2017,9653.5
21-06-2017,9633.6
22-06-2017,9630
23-06-2017,9574.95
27-06-2017,9511.4
28-06-2017,9491.25
29-06-2017,9504.1
30-06-2017,9520.9
03-07-2017,9615
04-07-2017,9613.3
05-07-2017,9637.6
06-07-2017,9674.55
07-07-2017,9665.8
10-07-2017,9771.05
11-07-2017,9786.05
12-07-2017,9816.1
13-07-2017,9891.7
14-07-2017,9886.35
17-07-2017,9915.95
18-07-2017,9827.15
19-07-2017,9899.6
20-07-2017,9873.3
21-07-2017,9915.25
24-07-2017,9966.4
25-07-2017,9964.55
26-07-2017,10020.65
27-07-2017,10020.55
28-07-2017,10014.5
31-07-2017,10077.1
01-08-2017,10114.65
02-08-2017,10081.5
03-08-2017,10013.65
04-08-2017,10066.4
07-08-2017,10057.4
08-08-2017,9978.55
09-08-2017,9908.05
10-08-2017,9820.25
11-08-2017,9710.8
14-08-2017,9794.15
16-08-2017,9897.3
17-08-2017,9904.15
18-08-2017,9837.4
21-08-2017,9754.35
22-08-2017,9765.55
23-08-2017,9852.5
24-08-2017,9857.05
28-08-2017,9912.8
29-08-2017,9796.05
30-08-2017,9884.4
31-08-2017,9917.9
01-09-2017,9974.4
04-09-2017,9912.85
05-09-2017,9952.2
06-09-2017,9916.2
07-09-2017,9929.9
08-09-2017,9934.8
11-09-2017,10006.05
12-09-2017,10093.05
13-09-2017,10079.3
14-09-2017,10086.6
15-09-2017,10085.4
18-09-2017,10153.1
19-09-2017,10147.55
20-09-2017,10141.15
21-09-2017,10121.9
22-09-2017,9964.4
25-09-2017,9872.6
26-09-2017,9871.5
27-09-2017,9735.75
28-09-2017,9768.95
29-09-2017,9788.6
03-10-2017,9859.5
04-10-2017,9914.9
05-10-2017,9888.7
06-10-2017,9979.7
09-10-2017,9988.75
10-10-2017,10016.95
11-10-2017,9984.8
12-10-2017,10096.4
13-10-2017,10167.45
16-10-2017,10230.85
17-10-2017,10234.45
18-10-2017,10210.85
23-10-2017,10184.85
24-10-2017,10207.7
25-10-2017,10295.35
26-10-2017,10343.8
27-10-2017,10323.05
30-10-2017,10363.65
31-10-2017,10335.3
01-11-2017,10440.5
02-11-2017,10423.8
03-11-2017,10452.5
06-11-2017,10451.8
07-11-2017,10350.15
08-11-2017,10303.15
09-11-2017,10308.95
10-11-2017,10321.75
13-11-2017,10224.95
14-11-2017,10186.6
15-11-2017,10118.05
16-11-2017,10214.75
17-11-2017,10283.6
20-11-2017,10298.75
21-11-2017,10326.9
22-11-2017,10342.3
23-11-2017,10348.75
24-11-2017,10389.7
27-11-2017,10399.55
28-11-2017,10370.25
29-11-2017,10361.3
30-11-2017,10226.55
01-12-2017,10121.8
04-12-2017,10127.75
05-12-2017,10118.25
06-12-2017,10044.1
07-12-2017,10166.7
08-12-2017,10265.65
11-12-2017,10322.25
12-12-2017,10240.15
13-12-2017,10192.95
14-12-2017,10252.1
15-12-2017,10333.25
18-12-2017,10388.75
19-12-2017,10463.2
20-12-2017,10444.2
21-12-2017,10440.3
22-12-2017,10493
26-12-2017,10531.5
27-12-2017,10490.75
28-12-2017,10477.9
29-12-2017,10530.7
01-01-2018,10435.55
02-01-2018,10442.2
03-01-2018,10443.2
04-01-2018,10504.8
05-01-2018,10558.85
08-01-2018,10623.6
09-01-2018,10637
10-01-2018,10632.2
11-01-2018,10651.2
12-01-2018,10681.25
15-01-2018,10741.55
16-01-2018,10700.45
17-01-2018,10788.55
18-01-2018,10817
19-01-2018,10894.7
22-01-2018,10966.2
23-01-2018,11083.7
24-01-2018,11086
25-01-2018,11069.65
29-01-2018,11130.4
30-01-2018,11049.65
31-01-2018,11027.7
01-02-2018,11016.9
02-02-2018,10760.6
05-02-2018,10666.55
06-02-2018,10498.25
07-02-2018,10476.7
08-02-2018,10576.85
09-02-2018,10454.95
12-02-2018,10539.75
14-02-2018,10500.9
15-02-2018,10545.5
16-02-2018,10452.3
19-02-2018,10378.4
20-02-2018,10360.4
21-02-2018,10397.45
22-02-2018,10382.7
23-02-2018,10491.05
26-02-2018,10582.6
27-02-2018,10554.3
28-02-2018,10492.85
01-03-2018,10458.35
05-03-2018,10358.85
06-03-2018,10249.25
07-03-2018,10154.2
08-03-2018,10242.65
09-03-2018,10226.85
12-03-2018,10421.4
13-03-2018,10426.85
14-03-2018,10410.9
15-03-2018,10360.15
16-03-2018,10195.15
19-03-2018,10094.25
20-03-2018,10124.35
21-03-2018,10155.25
22-03-2018,10114.75
23-03-2018,9998.05
26-03-2018,10130.65
27-03-2018,10184.15
28-03-2018,10113.7
02-04-2018,10211.8
03-04-2018,10245
04-04-2018,10128.4
05-04-2018,10325.15
06-04-2018,10331.6
09-04-2018,10379.35
10-04-2018,10402.25
11-04-2018,10417.15
12-04-2018,10458.65
13-04-2018,10480.6
16-04-2018,10528.35
17-04-2018,10548.7
18-04-2018,10526.2
19-04-2018,10565.3
20-04-2018,10564.05
23-04-2018,10584.7
24-04-2018,10614.35
25-04-2018,10570.55
26-04-2018,10617.8
27-04-2018,10692.3
30-04-2018,10739.35
02-05-2018,10718.05
03-05-2018,10679.65
04-05-2018,10618.25
07-05-2018,10715.5
08-05-2018,10717.8
09-05-2018,10741.7
10-05-2018,10716.55
11-05-2018,10806.5
14-05-2018,10806.6
15-05-2018,10801.85
16-05-2018,10741.1
17-05-2018,10682.7
18-05-2018,10596.4
21-05-2018,10516.7
22-05-2018,10536.7
23-05-2018,10430.35
24-05-2018,10513.85
25-05-2018,10605.15
28-05-2018,10688.65
29-05-2018,10633.3
30-05-2018,10614.35
31-05-2018,10736.15
01-06-2018,10696.2
04-06-2018,10628.5
05-06-2018,10593.15
06-06-2018,10684.65
07-06-2018,10768.35
08-06-2018,10767.65
11-06-2018,10786.95
12-06-2018,10842.85
13-06-2018,10856.7
14-06-2018,10808.05
15-06-2018,10817.7
18-06-2018,10799.85
19-06-2018,10710.45
20-06-2018,10772.05
21-06-2018,10741.1
22-06-2018,10821.85
25-06-2018,10762.45
26-06-2018,10769.15
27-06-2018,10671.4
28-06-2018,10589.1
29-06-2018,10714.3
02-07-2018,10657.3
03-07-2018,10699.9
04-07-2018,10769.9
05-07-2018,10749.75
06-07-2018,10772.65
09-07-2018,10852.9
10-07-2018,10947.25
11-07-2018,10948.3
12-07-2018,11023.2
13-07-2018,11018.9
16-07-2018,10936.85
17-07-2018,11008.05
18-07-2018,10980.45
19-07-2018,10957.1
20-07-2018,11010.2
23-07-2018,11084.75
24-07-2018,11134.3
25-07-2018,11132
26-07-2018,11167.3
27-07-2018,11278.35
30-07-2018,11319.55
31-07-2018,11356.5
01-08-2018,11346.2
02-08-2018,11244.7
03-08-2018,11360.8
06-08-2018,11387.1
07-08-2018,11389.45
08-08-2018,11450
09-08-2018,11470.7
10-08-2018,11429.5
13-08-2018,11355.75
14-08-2018,11435.1
16-08-2018,11385.05
17-08-2018,11470.75
20-08-2018,11551.75
21-08-2018,11570.9
23-08-2018,11582.75
24-08-2018,11557.1
27-08-2018,11691.95
28-08-2018,11738.5
29-08-2018,11691.9
30-08-2018,11676.8
31-08-2018,11680.5
03-09-2018,11582.35
04-09-2018,11520.3
05-09-2018,11476.95
06-09-2018,11536.9
07-09-2018,11589.1
10-09-2018,11438.1
11-09-2018,11287.5
12-09-2018,11369.9
14-09-2018,11515.2
17-09-2018,11377.75
18-09-2018,11278.9
19-09-2018,11234.35
21-09-2018,11143.1
24-09-2018,10967.4
25-09-2018,11067.45
26-09-2018,11053.8
27-09-2018,10977.55
28-09-2018,10930.45
01-10-2018,11008.3
03-10-2018,10858.25
04-10-2018,10599.25
05-10-2018,10316.45
08-10-2018,10348.05
09-10-2018,10301.05
10-10-2018,10460.1
11-10-2018,10234.65
12-10-2018,10472.5
15-10-2018,10512.5
16-10-2018,10584.75
17-10-2018,10453.05
19-10-2018,10303.55
22-10-2018,10245.25
23-10-2018,10146.8
24-10-2018,10224.75
25-10-2018,10124.9
26-10-2018,10030
29-10-2018,10250.85
30-10-2018,10198.4
31-10-2018,10386.6
01-11-2018,10380.45
02-11-2018,10553
05-11-2018,10524
06-11-2018,10530
09-11-2018,10585.2
12-11-2018,10482.2
13-11-2018,10582.5
14-11-2018,10576.3
15-11-2018,10616.7
16-11-2018,10682.2
19-11-2018,10763.4
20-11-2018,10656.2
21-11-2018,10600.05
22-11-2018,10526.75
26-11-2018,10628.6
27-11-2018,10685.6
28-11-2018,10728.85
29-11-2018,10858.7
30-11-2018,10876.75
03-12-2018,10883.75
04-12-2018,10869.5
05-12-2018,10782.9
06-12-2018,10601.15
07-12-2018,10693.7
10-12-2018,10488.45
11-12-2018,10549.15
12-12-2018,10737.6
13-12-2018,10791.55
14-12-2018,10805.45
17-12-2018,10888.35
18-12-2018,10908.7
19-12-2018,10967.3
20-12-2018,10951.7
21-12-2018,10754
24-12-2018,10663.5
26-12-2018,10729.85
27-12-2018,10779.8
28-12-2018,10859.9
31-12-2018,10862.55
01-01-2019,10910.1
02-01-2019,10792.5
03-01-2019,10672.25
04-01-2019,10727.35
07-01-2019,10771.8
08-01-2019,10802.15
09-01-2019,10855.15
10-01-2019,10821.6
11-01-2019,10794.95
14-01-2019,10737.6
15-01-2019,10886.8
16-01-2019,10890.3
17-01-2019,10905.2
18-01-2019,10906.95
21-01-2019,10961.85
22-01-2019,10922.75
23-01-2019,10831.5
24-01-2019,10849.8
25-01-2019,10780.55
28-01-2019,10661.55
29-01-2019,10652.2
30-01-2019,10651.8
31-01-2019,10830.95
01-02-2019,10893.65
04-02-2019,10912.25
05-02-2019,10934.35
06-02-2019,11062.45
07-02-2019,11069.4
08-02-2019,10943.6
11-02-2019,10888.8
12-02-2019,10831.4
13-02-2019,10793.65
14-02-2019,10746.05
15-02-2019,10724.4
18-02-2019,10640.95
19-02-2019,10604.35
20-02-2019,10735.45
21-02-2019,10789.85
22-02-2019,10791.65
25-02-2019,10880.1
26-02-2019,10835.3
27-02-2019,10806.65
28-02-2019,10792.5
01-03-2019,10863.5
05-03-2019,10987.45
06-03-2019,11053
07-03-2019,11058.2
08-03-2019,11035.4
11-03-2019,11168.05
12-03-2019,11301.2
13-03-2019,11341.7
14-03-2019,11343.25
15-03-2019,11426.85
18-03-2019,11462.2
19-03-2019,11532.4
20-03-2019,11521.05
22-03-2019,11456.9
25-03-2019,11354.25
26-03-2019,11483.25
27-03-2019,11445.05
28-03-2019,11570
29-03-2019,11623.9
01-04-2019,11669.15
02-04-2019,11713.2
03-04-2019,11643.95
04-04-2019,11598
05-04-2019,11665.95
08-04-2019,11604.5
09-04-2019,11671.95
10-04-2019,11584.3
11-04-2019,11596.7
12-04-2019,11643.45
15-04-2019,11690.35
16-04-2019,11787.15
18-04-2019,11752.8
22-04-2019,11594.45
23-04-2019,11575.95
24-04-2019,11726.15
25-04-2019,11641.8
26-04-2019,11754.65
30-04-2019,11748.15
02-05-2019,11724.75
03-05-2019,11712.25
06-05-2019,11598.25
07-05-2019,11497.9
08-05-2019,11359.45
09-05-2019,11301.8
10-05-2019,11278.9
13-05-2019,11148.2
14-05-2019,11222.05
15-05-2019,11157
16-05-2019,11257.1
17-05-2019,11407.15
20-05-2019,11828.25
21-05-2019,11709.1
22-05-2019,11737.9
23-05-2019,11657.05
24-05-2019,11844.1
27-05-2019,11924.75
28-05-2019,11928.75
29-05-2019,11861.1
30-05-2019,11945.9
31-05-2019,11922.8
03-06-2019,12088.55
04-06-2019,12021.65
06-06-2019,11843.75
07-06-2019,11870.65
10-06-2019,11922.7
11-06-2019,11965.6
12-06-2019,11906.2
13-06-2019,11914.05
14-06-2019,11823.3
17-06-2019,11672.15
18-06-2019,11691.5
19-06-2019,11691.45
20-06-2019,11831.75
21-06-2019,11724.1
24-06-2019,11699.65
25-06-2019,11796.45
26-06-2019,11847.55
27-06-2019,11841.55
28-06-2019,11788.85
01-07-2019,11865.6
02-07-2019,11910.3
03-07-2019,11916.75
04-07-2019,11946.75
05-07-2019,11811.15
08-07-2019,11558.6
09-07-2019,11555.9
10-07-2019,11498.9
11-07-2019,11582.9
12-07-2019,11552.5
15-07-2019,11588.35
16-07-2019,11662.6
17-07-2019,11687.5
18-07-2019,11596.9
19-07-2019,11419.25
22-07-2019,11346.2
23-07-2019,11331.05
24-07-2019,11271.3
25-07-2019,11252.15
26-07-2019,11284.3
29-07-2019,11189.2
30-07-2019,11085.4
31-07-2019,11118
01-08-2019,10980
02-08-2019,10997.35
05-08-2019,10862.6
06-08-2019,10948.25
07-08-2019,10855.5
08-08-2019,11032.45
09-08-2019,11109.65
13-08-2019,10925.85
14-08-2019,11029.4
16-08-2019,11047.8
19-08-2019,11053.9
20-08-2019,11017
21-08-2019,10918.7
22-08-2019,10741.35
23-08-2019,10829.35
26-08-2019,11057.85
27-08-2019,11105.35
28-08-2019,11046.1
29-08-2019,10948.3
30-08-2019,11023.25
03-09-2019,10797.9
04-09-2019,10844.65
05-09-2019,10847.9
06-09-2019,10946.2
09-09-2019,11003.05
11-09-2019,11035.7
12-09-2019,10982.8
13-09-2019,11075.9
16-09-2019,11003.5
17-09-2019,10817.6
18-09-2019,10840.65
19-09-2019,10704.8
20-09-2019,11274.2
23-09-2019,
